Test Name,Components,MRP,Specimen,TurnAround Time,Run Days,Section,Pre Test Condition,illness/situations for which Test is prescribed,Common name of Test,Organ/Body Part
"Complete Blood Count",Haemoglobin,420,,,Daily,HAEMATOLOGY,,,,
,Hematocrit (PCV),,,,,,,,,
,RBC Count,,,,,,,,,
,MCV,,,,,,,,,
,MCH (Mean Corp Hb),,,,,,,,,
,MCHC ( Mean Corp Hb Conc ),,,,,,,,,
,RDW (SD),,,,,,,,,
,TLC (Total Leucocyte Count),,,,,,,,,
,DLC (Diffrential Leucocyte Count),,,,,,,,,
,Absolute Count,,,,,,,,,
,Platelet Count,,,,,,,,,
"Complete Hemogram",Haemoglobin,120,,,Daily,HAEMATOLOGY,,,,
,TLC (Total Leucocyte Count),,,,,,,,,
, RBC Count,,,,,,,,,
,Hematocrit (PCV),,,,,,,,,
,MCV,,,,,,,,,
,MCH (Mean Corp Hb),,,,,,,,,
,MCHC ( Mean Corp Hb Conc ),,,,,,,,,
,Platelet Count,,,,,,,,,
,RDW (CV),,,,,,,,,
,E S R  (Westergren),,,,,,,,,
,Peripheral Blood Picture,,,,,,,,,
,MPV,,,,,,,,,
,PCT,,,,,,,,,
,PDW,,,,,,,,,
,Absolute Count,,,,,,,,,
E S R  (Westergren),,100,,,Daily,HAEMATOLOGY,,,,
RBC Count,,100,,,Daily,HAEMATOLOGY,,,,
Hematocrit (PCV),,1000,,,Daily,HAEMATOLOGY,,,,
Paroxysmal Nocturnal Haemoglobinuria (PNH),,100,,,Daily,HAEMATOLOGY,,,,
Platelet Count,,850,,,Daily,HAEMATOLOGY,,,,
Abnormal Haemoglobin Chromatography,,150,,,Daily,HAEMATOLOGY,,,,
Absolute Neutrophils Count,,150,,,Daily,HAEMATOLOGY,,,,
Absolute Lymphocytes Count,,300,,,Daily,HAEMATOLOGY,,,,
Osmotic Fragility Test,,150,,,Daily,HAEMATOLOGY,,,,
Absolute Eosinophils count,,120,,,Daily,HAEMATOLOGY,,,,
Peripheral Blood Picture,,70,,,Daily,HAEMATOLOGY,,,,
Blood group,,150,,,Daily,HAEMATOLOGY,,,,
MP,,300,,,Daily,HAEMATOLOGY,,,,
P/S For Micro filaria,,350,,,Daily,HAEMATOLOGY,,,,
RC,,150,,,Daily,HAEMATOLOGY,,,,
Absolute WBCl Count,,80,,,Daily,HAEMATOLOGY,,,,
"DLC
1   Absolute Count",,400,,,Daily,HAEMATOLOGY,,,,
Haemoglobin Urine,,1600,,,Daily,HAEMATOLOGY,,,,
ALCHOL,,800,,,Daily,HAEMATOLOGY,,,,
APTT,,300,,,Daily,COGULATION,,,,
Bleeding Time,,80,,,Daily,COGULATION,,,,
Clot Retraction Time,,150,,,Daily,COGULATION,,,,
Clotting Time,,80,,,Daily,COGULATION,,,,
D Dimer,,900,,,Daily,COGULATION,,,,
Fibrinogen Degradation Products (FDP),,1300,,,Daily,COGULATION,,,,
Mean Normal Prothrombin Time (PT),,350,,,Daily,COGULATION,,,,
PROTHROMBIN TIME STUDIES,,300,,,Daily,COGULATION,,,,
Thrombin Time,,600,,,Daily,COGULATION,,,,
Acid Phosphatase,,150,,,Daily,BIOCHEMISTRY,,,,
Ada MTB (Adenosine Dearminase)-Blood,,500,,,Daily,BIOCHEMISTRY,,,,
ALDOLASE,,850,,,Daily,BIOCHEMISTRY,,,,
ALDOSTERONE (HORMONE ASSAY),,2050,,,Daily,BIOCHEMISTRY,,,,
ALLERGY CONTACTS,,4850,,,Daily,BIOCHEMISTRY,,,,
ALLERGY FOOD (FOOD + NON-VEG),,4850,,,Daily,BIOCHEMISTRY,,,,
ALLERGY FOOD (VEG ONLY),,4850,,,Daily,BIOCHEMISTRY,,,,
ALLERGY WITHOUT DRUGS (FOOD + INHALANT),,6500,,,Daily,BIOCHEMISTRY,,,,
ALUMINIUM,,2450,,,Daily,BIOCHEMISTRY,,,,
Amylase Pancreatic,,450,,,Daily,BIOCHEMISTRY,,,,
Angiotensin Converting Enzyme,,800,,,Daily,BIOCHEMISTRY,,,,
ANTI-LKM ANTIBODIES,,1900,,,Daily,BIOCHEMISTRY,,,,
BILE ACID,,1500,,,Daily,BIOCHEMISTRY,,,,
Blood Glucose (after 1hr /50g Glucose),,100,,,Daily,BIOCHEMISTRY,,,,
Blood Glucose (after 2hr /75g Glucose),,100,,,Daily,BIOCHEMISTRY,,,,
Blood Urea Nitrogen,,120,,,Daily,BIOCHEMISTRY,,,,
"CARDIAC PROFILE
","SGOT
",2800,,,Daily,BIOCHEMISTRY,,,,
,Serum Creatine Kinase (CK),,,,,,,,,
,CPK-MB,,,,,,,,,
,Lactate dehydrogenase (LDH),,,,,,,,,
CEA,,700,,,Daily,BIOCHEMISTRY,,,,
Cholinesterase,,500,,,Daily,BIOCHEMISTRY,,,,
CPK-MB,,150,,,Daily,BIOCHEMISTRY,,,,
CPKN,,250,,,Daily,BIOCHEMISTRY,,,,
C-REACTIVE PROTEIN (CRP) Quantitative,,400,,,Daily,BIOCHEMISTRY,,,,
Cystatin C,,1200,,,Daily,BIOCHEMISTRY,,,,
E-GFR,,200,,,Daily,BIOCHEMISTRY,,,,
"ELECTROLYTES
",Serum Sodium                                                                                                                                                                                                                                                                                                       ,400,,,Daily,BIOCHEMISTRY,,,,
,Serum Potassium,,,,,,,,,
,Serum Chloride,,,,,,,,,
"EXTENDED LIVER FUNCTION TEST
",Serum Bilirubin (Total),1500,,,Daily,BIOCHEMISTRY,,,,
,Serum Bilirubin (Direct),,,,,,,,,
,Serum Bilirubin (indirect),,,,,,,,,
,SGOT,,,,,,,,,
,SGPT,,,,,,,,,
,Serum Alkaline Phosphatase,,,,,,,,,
,Serum Total Protein,,,,,,,,,
,Serum Albumin,,,,,,,,,
,Serum Globulin,,,,,,,,,
,A/G Ratio,,,,,,,,,
,Gamma (GT),,,,,,,,,
Fluid Amylase,,250,,,Daily,BIOCHEMISTRY,,,,
G6PD (quantitative),,750,,,Daily,BIOCHEMISTRY,,,,
Gamma (GT),,250,,,Daily,BIOCHEMISTRY,,,,
Glucose Chalenge Test,,120,,,Daily,BIOCHEMISTRY,,,,
GLUCOSE TOLERANCE TEST (GTT),,300,,,Daily,BIOCHEMISTRY,,,,
"GLYCOSYLATED HEMOGLOBIN (HbA1C)
",HbA1C,450,,,Daily,BIOCHEMISTRY,,,,
,Estimated average plasma Glucose,,,,,,,,,
HDL Cholesterol,,250,,,Daily,BIOCHEMISTRY,,,,
Inorganic Phosphorus,,150,,,Daily,BIOCHEMISTRY,,,,
Iron Profile Defiency,"Serum Iron
",1200,,,Daily,BIOCHEMISTRY,,,,
,Total Iron Binding Capicity,,,,Daily,BIOCHEMISTRY,,,,
,Ferritin,,,,Daily,BIOCHEMISTRY,,,,
"KFT (EXTENDED)
",Serum Urea,200,,,Daily,BIOCHEMISTRY,,,,
,Serum Creatinine,,,,,,,,,
,Serum Uric Acid,,,,,,,,,
,Serum Sodium,,,,,,,,,
"KFT(R)
",Serum Urea,500,,,Daily,BIOCHEMISTRY,,,,
,Serum Creatinine,,,,,,,,,
,Serum Uric Acid,,,,,,,,,
,Serum Total Protein,,,,,,,,,
,Serum Albumin,,,,,,,,,
,Serum Globulin,,,,,,,,,
,A/G Ratio,,,,,,,,,
"KIDNEY FUNCTION TEST
", Serum Urea,500,,,Daily,BIOCHEMISTRY,,,,
,Blood urea Nitrogen,,,,,,,,,
,Serum Creatinine,,,,,,,,,
,Serum Uric Acid,,,,,,,,,
Lactate CSF,,800,,,Daily,BIOCHEMISTRY,,,,
Lactate dehydrogenase (LDH),,350,,,Daily,BIOCHEMISTRY,,,,
LDL / HDL Cholesterol Ratio,,400,,,Daily,BIOCHEMISTRY,,,,
LDL Cholesterol,,250,,,Daily,BIOCHEMISTRY,,,,
Lipase - Fluid,,450,,,Daily,BIOCHEMISTRY,,,,
"LIPID PROFILE
",Total Cholesterol,500,,,Daily,BIOCHEMISTRY,,,,
,Serum Triglycerides,,,,,,,,,
,HDL Cholesterol,,,,,,,,,
,LDL Cholesterol,,,,,,,,,
,VLDL Cholesterol,,,,,,,,,
,Total Cholestrol / HDL Cholesterol Ratio,,,,,,,,,
,LDL / HDL Cholesterol Ratio,,,,,,,,,
"LIVER FUNCTION TEST
",Serum Bilirubin (Total),500,,,Daily,BIOCHEMISTRY,,,,
,Serum Bilirubin (Direct),,,,,,,,,
,Serum Bilirubin (indirect),,,,,,,,,
,SGOT,,,,,,,,,
,SGPT,,,,,,,,,
,Serum Alkaline Phosphatase,,,,,,,,,
,Gamma (GT),,,,,,,,,
,Serum Total Protein,,,,,,,,,
,Serum Albumin,,,,,,,,,
,Serum Globulin,,,,,,,,,
,A/G Ratio,,,,,,,,,
Phosphorus,,150,,,Daily,BIOCHEMISTRY,,,,
Plasma Ammonia,,2000,,,Daily,BIOCHEMISTRY,,,,
Plasma Glucose (Fasting ),,50,,,Daily,BIOCHEMISTRY,,,,
Plasma Glucose (PP),,50,,,Daily,BIOCHEMISTRY,,,,
Plasma Glucose (Random),,50,,,Daily,BIOCHEMISTRY,,,,
Serum Acid Phosphatase,,150,,,Daily,BIOCHEMISTRY,,,,
Serum ADA,,600,,,Daily,BIOCHEMISTRY,,,,
Serum Albumin,,120,,,Daily,BIOCHEMISTRY,,,,
Serum Alkaline Phosphatase,,150,,,Daily,BIOCHEMISTRY,,,,
Serum Amylase,,500,,,Daily,BIOCHEMISTRY,,,,
Serum Anion Gap (AGP),,900,,,Daily,BIOCHEMISTRY,,,,
Serum Bicarbonate,,600,,,Daily,BIOCHEMISTRY,,,,
Serum Bicarbonate (CO2),,500,,,Daily,BIOCHEMISTRY,,,,
Serum Bilirubin (Direct),,100,,,Daily,BIOCHEMISTRY,,,,
Serum Bilirubin (Neonatal),,140,,,Daily,BIOCHEMISTRY,,,,
Serum Bilirubin (Total),,140,,,Daily,BIOCHEMISTRY,,,,
Serum Calcium,,150,,,Daily,BIOCHEMISTRY,,,,
Serum Chloride,,140,,,Daily,BIOCHEMISTRY,,,,
Serum Creatine Kinase (CK),,250,,,Daily,BIOCHEMISTRY,,,,
Serum Creatinine,,150,,,Daily,BIOCHEMISTRY,,,,
Serum Globulin,,150,,,Daily,BIOCHEMISTRY,,,,
Serum HBDH,,350,,,Daily,BIOCHEMISTRY,,,,
Serum Ionized Calcium,,600,,,Daily,BIOCHEMISTRY,,,,
Serum Iron,,400,,,Daily,BIOCHEMISTRY,,,,
Serum Lactose,,1800,,,Daily,BIOCHEMISTRY,,,,
Serum Lipase,,500,,,Daily,BIOCHEMISTRY,,,,
Serum Lipoprotein (a),,850,,,Daily,BIOCHEMISTRY,,,,
Serum Lithium,,300,,,Daily,BIOCHEMISTRY,,,,
Serum Magnesium,,400,,,Daily,BIOCHEMISTRY,,,,
Serum Myoglobin,,500,,,Daily,BIOCHEMISTRY,,,,
Serum Potassium,,150,,,Daily,BIOCHEMISTRY,,,,
"SERUM PROTEINS
",Serum Total Protein,150,,,Daily,BIOCHEMISTRY,,,,
,Serum Albumin,,,,,,,,,
,Serum Globulin,,,,,,,,,
,A/G Ratio,,,,,,,,,
SERUM PROTIEN,,150,,,Daily,BIOCHEMISTRY,,,,
Serum Sodium,,150,,,Daily,BIOCHEMISTRY,,,,
Serum Triglycerides,,200,,,Daily,BIOCHEMISTRY,,,,
Serum Urea,,120,,,Daily,BIOCHEMISTRY,,,,
Serum Uric Acid,,120,,,Daily,BIOCHEMISTRY,,,,
SGOT,,150,,,Daily,BIOCHEMISTRY,,,,
SGPT,,150,,,Daily,BIOCHEMISTRY,,,,
"SUGAR FASTING & PP
",Plasma Glucose (Fasting ),100,,,Daily,BIOCHEMISTRY,,,,
,Plasma Glucose (PP),,,,,,,,,
Total Cholesterol,,150,,,Daily,BIOCHEMISTRY,,,,
Total Cholestrol / HDL Cholesterol Ratio,,400,,,Daily,BIOCHEMISTRY,,,,
Total Iron Binding Capicity,,250,,,Daily,BIOCHEMISTRY,,,,
Transferrin,,1100,,,Daily,BIOCHEMISTRY,,,,
Transferrin Saturation Index,,1100,,,Daily,BIOCHEMISTRY,,,,
UIBC,,500,,,Daily,BIOCHEMISTRY,,,,
"URINE FOR Urine (BSU)
",Plasma Glucose (Fasting),150,,,Daily,BIOCHEMISTRY,,,,
,Urine Glucose,,,,,,,,,
Vitamin C,,1000,,,Daily,BIOCHEMISTRY,,,,
VLDL Cholesterol,,350,,,Daily,BIOCHEMISTRY,,,,
17 Alpha Oh Progestrone,,2500,PLAIN,,Daily,IMMUNOASSAY,,,,
25 (OH) Vitamin D,,1000,PLAIN,,Daily,IMMUNOASSAY,,,,
ACTH Stimulation Test (cortisol),,1500,PLAIN,,Daily,IMMUNOASSAY,,,,
Alpha Feto Protein (AFP),,1000,PLAIN,,Daily,IMMUNOASSAY,,,,
ANA PROFILE BY IMMUNOBOLT,,6000,PLAIN,,Daily,IMMUNOASSAY,,,,
ANCA- BY IFA,,1250,PLAIN,,Daily,IMMUNOASSAY,,,,
ANCA-C,,1800,PLAIN,,Daily,IMMUNOASSAY,,,,
ANCA-P,,1800,PLAIN,,Daily,IMMUNOASSAY,,,,
Anti Amebic Antibody,,1100,PLAIN,,Daily,IMMUNOASSAY,,,,
Anti ASPERGILLUS Antibody IgG,,3500,PLAIN,,Daily,IMMUNOASSAY,,,,
ANTI BETA 2 GLYCOPROTEIN ANTIOBOY IgM,,1200,PLAIN,,Daily,IMMUNOASSAY,,,,
Anti Cardiolipin Antibodies Igg,,800,PLAIN,,Daily,IMMUNOASSAY,,,,
Anti Cardiolipin Antibodies IgM,,800,PLAIN,,Daily,IMMUNOASSAY,,,,
Anti CCP Antibody,,1750,PLAIN,,Daily,IMMUNOASSAY,,,,
Anti Cysticercosis Antibody IgG,,1300,PLAIN,,Daily,IMMUNOASSAY,,,,
Anti Ds Dna,,1600,PLAIN,,Daily,IMMUNOASSAY,,,,
Anti Ds Dna,,1500,PLAIN,,Daily,IMMUNOASSAY,,,,
Anti E Virus Total Antibody,,800,PLAIN,,Daily,IMMUNOASSAY,,,,
Anti Endomysial Antibody IgA,,1400,PLAIN,,Daily,IMMUNOASSAY,,,,
Anti Hbe  Antibody.,,800,PLAIN,,Daily,IMMUNOASSAY,,,,
ANTI HEV IgG,,900,PLAIN,,Daily,IMMUNOASSAY,,,,
ANTI HEV IgG/IGM,,1500,PLAIN,,Daily,IMMUNOASSAY,,,,
ANTI HEV Igm,,1200,PLAIN,,Daily,IMMUNOASSAY,,,,
ANTI MITOCHONDRIAL ANTIBODIES(AMA),,800,PLAIN,,Daily,IMMUNOASSAY,,,,
Anti Mitochondrial Antibody(AMA),,1650,PLAIN,,Daily,IMMUNOASSAY,,,,
ANTI MULLERIAN HORMONE (AMH),,1800,PLAIN,,Daily,IMMUNOASSAY,,,,
Anti Nuclear Antibody(ANA),,700,PLAIN,,Daily,IMMUNOASSAY,,,,
Anti Phospholipid  IgG,,800,PLAIN,,Daily,IMMUNOASSAY,,,,
Anti Phospholipid IgM,,800,PLAIN,,Daily,IMMUNOASSAY,,,,
Anti Thyroglobulin Antibody (ATG),,2000,PLAIN,,Daily,IMMUNOASSAY,,,,
Anti-sperm Antibody,,800,PLAIN,,Daily,IMMUNOASSAY,,,,
Beta Hcg,,600,PLAIN,,Daily,IMMUNOASSAY,,,,
C E A,,700,PLAIN,,Daily,IMMUNOASSAY,,,,
CA 125,,1000,PLAIN,,Daily,IMMUNOASSAY,,,,
CA 15.3 (BREAST),,1200,PLAIN,,Daily,IMMUNOASSAY,,,,
CA 15.5,,1200,PLAIN,,Daily,IMMUNOASSAY,,,,
CA 19.9,,1300,PLAIN,,Daily,IMMUNOASSAY,,,,
Ca 27.29,,2000,PLAIN,,Daily,IMMUNOASSAY,,,,
Chikungunya - IgM,,600,PLAIN,,Daily,IMMUNOASSAY,,,,
CMV IgG,,600,PLAIN,,Daily,IMMUNOASSAY,,,,
CMV IgM,,600,PLAIN,,Daily,IMMUNOASSAY,,,,
COELIAC FUSION tTG+DGP,,1400,PLAIN,,Daily,IMMUNOASSAY,,,,
COELIAC FUSION tTG+DGP,,1200,PLAIN,,Daily,IMMUNOASSAY,,,,
D-Dimer,,,PLAIN,,Daily,IMMUNOASSAY,,,,
DENGUE ELISA,,850,PLAIN,,Daily,IMMUNOASSAY,,,,
DHEA,,2200,PLAIN,,Daily,IMMUNOASSAY,,,,
DHEA Sulphate,,900,PLAIN,,Daily,IMMUNOASSAY,,,,
E.N.F.Screening,,1500,PLAIN,,Daily,IMMUNOASSAY,,,,
ENA PROFILE,,6000,PLAIN,,Daily,IMMUNOASSAY,,,,
Ferritin,,700,PLAIN,,Daily,IMMUNOASSAY,,,,
FOLIC ACID,,1000,None,,Daily,IMMUNOASSAY,,,,
Free Beta Hcg,,1100,PLAIN,,Daily,IMMUNOASSAY,,,,
FREE PSA,,1000,PLAIN,,Daily,IMMUNOASSAY,,,,
FREE TESTOSTERONE,,1500,PLAIN,,Daily,IMMUNOASSAY,,,,
"FREE THYROID PROFILE
",FT3,700,PLAIN,,,IMMUNOASSAY,,,,
,FT4,,,,,,,,,
,THS,,,,,,,,,
FSH FOLLICLE STIMULATING HORMONE,,500,PLAIN,,Daily,IMMUNOASSAY,,,,
FT3,,350,PLAIN,,Daily,IMMUNOASSAY,,,,
FT4,,350,PLAIN,,Daily,IMMUNOASSAY,,,,
Gh Stimulation Test 3 Samples,,1350,PLAIN,,Daily,IMMUNOASSAY,,,,
Gh Stimulation Test 4 Samples,,1800,PLAIN,,Daily,IMMUNOASSAY,,,,
GROWTH HORMONE,,800,PLAIN,,Daily,IMMUNOASSAY,,,,
Growth Hormone Resting & After  Ex,,1200,PLAIN,,Daily,IMMUNOASSAY,,,,
HAV Total,,900,PLAIN,,Daily,IMMUNOASSAY,,,,
HBSAG by CLIA,,550,PLAIN,,Daily,IMMUNOASSAY,,,,
HCV IgG Antibody,,800,PLAIN,,Daily,IMMUNOASSAY,,,,
HCV IgM,,1200,PLAIN,,Daily,IMMUNOASSAY,,,,
Hep B Core Anti Body,,800,PLAIN,,Daily,IMMUNOASSAY,,,,
Hepatitis B Core IgM,,1100,PLAIN,,Daily,IMMUNOASSAY,,,,
Hepatitis B Surface Antibody,,550,PLAIN,,Daily,IMMUNOASSAY,,,,
Hepatitis C Virus IgG (HCV),,1000,PLAIN,,Daily,IMMUNOASSAY,,,,
Hepatitis C Virus IgG (HCV),,1400,PLAIN,,Daily,IMMUNOASSAY,,,,
Herpes Simplex (I & II) IgG,,600,PLAIN,,Daily,IMMUNOASSAY,,,,
Herpes Simplex (I & II) IgG & IgM,,1140,PLAIN,,Daily,IMMUNOASSAY,,,,
Herpes Simplex (I & II) IgM,,600,PLAIN,,Daily,IMMUNOASSAY,,,,
IgE Level,,800,PLAIN,,Daily,IMMUNOASSAY,,,,
INSULIN  (F),,800,None,,Daily,IMMUNOASSAY,,,,
INSULIN (PP),,800,PLAIN,,Daily,IMMUNOASSAY,,,,
INSULIN (R),,800,None,,Daily,IMMUNOASSAY,,,,
Lupus Anti Coagulant,,1400,PLAIN,,Daily,IMMUNOASSAY,,,,
"NT-pro BNP, Serum",,4000,PLAIN,,Daily,IMMUNOASSAY,,,,
PAPP A,,1800,PLAIN,,Daily,IMMUNOASSAY,,,,
PARATHYROID HORMONE(PTH),,1400,PLAIN,,Daily,IMMUNOASSAY,,,,
PHOSPHATYDIL SERINE IgG,,1200,PLAIN,,Daily,IMMUNOASSAY,,,,
PHOSPHATYDIL SERINE IgM,,1200,PLAIN,,Daily,IMMUNOASSAY,,,,
Rubella IgG,,600,PLAIN,,Daily,IMMUNOASSAY,,,,
Rubella IgG,,700,PLAIN,,Daily,IMMUNOASSAY,,,,
Rubella IgM,,600,PLAIN,,Daily,IMMUNOASSAY,,,,
S. Carbamazepine/ Tegretol,,900,PLAIN,,Daily,IMMUNOASSAY,,,,
Serum Apolipoprotein A-1,,700,PLAIN,,Daily,IMMUNOASSAY,,,,
Serum Apolipoprotein B,,700,PLAIN,,Daily,IMMUNOASSAY,,,,
Serum Cortisol  (Evening),,500,PLAIN,,Daily,IMMUNOASSAY,,,,
Serum Cortisol  (morning),,500,PLAIN,,Daily,IMMUNOASSAY,,,,
Serum Cortisol  (Random),,500,PLAIN,,Daily,IMMUNOASSAY,,,,
SERUM ESTRADIOL E2,,600,PLAIN,,Daily,IMMUNOASSAY,,,,
SERUM FOLATE,,1000,PLAIN,,Daily,IMMUNOASSAY,,,,
"SERUM LUTEINIZING HORMONE, LH",,500,PLAIN,,Daily,IMMUNOASSAY,,,,
Serum Phenytoin/eptoin/dilantin,,950,PLAIN,,Daily,IMMUNOASSAY,,,,
SERUM PROGESTERONE,,500,PLAIN,,Daily,IMMUNOASSAY,,,,
SERUM PROLACTIN,,500,PLAIN,,Daily,IMMUNOASSAY,,,,
SERUM TESTOSTERONE,,700,PLAIN,,Daily,IMMUNOASSAY,,,,
Serum Valporate Level,,800,PLAIN,,Daily,IMMUNOASSAY,,,,
T3,,250,PLAIN,,Daily,IMMUNOASSAY,,,,
T4,,250,PLAIN,,Daily,IMMUNOASSAY,,,,
TB GOLD,,2200,None,,Daily,IMMUNOASSAY,,,,
Thyroglobulin,,800,PLAIN,,Daily,IMMUNOASSAY,,,,
THYROID PEROXIDASE ANTIBODY (TPO),,1500,PLAIN,,Daily,IMMUNOASSAY,,,,
"THYROID PROFILE
",T3,700,PLAIN,,Daily,IMMUNOASSAY,,,,
,T4,,,,,,,,,
,TSH,,,,,,,,,
Torch IgG With Avidity,,3400,PLAIN,,Daily,IMMUNOASSAY,,,,
TORCH PROFILE ( IgM),,1200,PLAIN,,Daily,IMMUNOASSAY,,,,
TORCH PROFILE (IgG),,1200,PLAIN,,Daily,IMMUNOASSAY,,,,
TOTAL PSA,,1000,PLAIN,,Daily,IMMUNOASSAY,,,,
Toxoplasma IgG,,550,PLAIN,,Daily,IMMUNOASSAY,,,,
Toxoplasma IgM,,580,PLAIN,,Daily,IMMUNOASSAY,,,,
TSH,,300,PLAIN,,Daily,IMMUNOASSAY,,,,
tTG Antibody(Transglutaminase),,1100,PLAIN,,Daily,IMMUNOASSAY,,,,
TUMOR NECROSIS FACTOR (TNF) -ALPHA,,2000,PLAIN,,Daily,IMMUNOASSAY,,,,
VITAMIN B12,,1000,PLAIN,,Daily,IMMUNOASSAY,,,,
A S O(Quantitative),,350,PLAIN,,Daily,SEROLOGY,,,,
Amoebic Serology,,1250,PLAIN,,Daily,SEROLOGY,,,,
ANTI HAV IgM,,1000,PLAIN,,Daily,SEROLOGY,,,,
ANTI Hbeag IGG/IGM,,1600,None,,Daily,SEROLOGY,,,,
ASMA,,2050,PLAIN,,Daily,SEROLOGY,,,,
ASMA WITH TITRE,,2850,None,,Daily,SEROLOGY,,,,
COVID ANTIBODIES,,600,PLAIN,,Daily,SEROLOGY,,,,
C-peptide,,1500,PLAIN,,Daily,SEROLOGY,,,,
C-REACTIVE PROTEIN (CRP) Qualitative,,300,PLAIN,,Daily,SEROLOGY,,,,
CRP,,400,PLAIN,,Daily,SEROLOGY,,,,
Dengue IgM & IgG,,600,PLAIN,,Daily,SEROLOGY,,,,
Direct Coombs Test,,400,EDTA,,Daily,SEROLOGY,,,,
Direct Coombs Test Antibody Typing,,1900,EDTA,,Daily,SEROLOGY,,,,
Direct Coombs Test With Titre,,480,EDTA,,Daily,SEROLOGY,,,,
Gamma Gt,,400,PLAIN,,Daily,SEROLOGY,,,,
H1N1,,2000,PLAIN,,Daily,SEROLOGY,,,,
Hbe Ag,,900,PLAIN,,Daily,SEROLOGY,,,,
HBV DNA QUANTITATIVE,,7000,EDTA,,Daily,SEROLOGY,,,,
Hep B Core Anti Body,,800,PLAIN,,Daily,SEROLOGY,,,,
Hepatitis B Surface Antigen (HBsAg),,300,PLAIN,,Daily,SEROLOGY,,,,
Hepatitis C Virus (HCV),,800,PLAIN,,Daily,SEROLOGY,,,,
HIV  Antibodies I & II,,450,PLAIN,,Daily,SEROLOGY,,,,
HIV  Antibody - I,,450,PLAIN,,Daily,SEROLOGY,,,,
HIV  Antibody - II,,450,PLAIN,,Daily,SEROLOGY,,,,
HIV Western Blot,,3000,PLAIN,,Daily,SEROLOGY,,,,
Homocysteine,,1400,PLAIN,,Daily,SEROLOGY,,,,
HS CRP,,750,PLAIN,,Daily,SEROLOGY,,,,
Hydatid Serology,,3000,PLAIN,,Daily,SEROLOGY,,,,
Immunoglobulin- IgA,,400,PLAIN,,Daily,SEROLOGY,,,,
Immunoglobulin- IgG,,400,PLAIN,,Daily,SEROLOGY,,,,
Immunoglobulin- IgM,,700,PLAIN,,Daily,SEROLOGY,,,,
Indirect Coombs Test,,400,PLAIN,,Daily,SEROLOGY,,,,
Indirect Coombs Test With Titre,,480,PLAIN,,Daily,SEROLOGY,,,,
L E Cell Phenomenon Test,,250,PLAIN,,Daily,SEROLOGY,,,,
Malaria Antigen,,500,EDTA,,Daily,SEROLOGY,,,,
Malaria Serology,,1000,EDTA,,Daily,SEROLOGY,,,,
Mantoux Test,,200,PLAIN,,Daily,SEROLOGY,,,,
Ns-1 Antigen Dengue,,500,PLAIN,,Daily,SEROLOGY,,,,
R.A. FACTOR (Qualitative),,200,PLAIN,,Daily,SEROLOGY,,,,
R.A. FACTOR (Quantitative),,300,PLAIN,,Daily,SEROLOGY,,,,
"RAPID TP(SYPHILIS), VDRL",,170,PLAIN,,Daily,SEROLOGY,,,,
Rh Antibody Titre,,900,PLAIN,,Daily,SEROLOGY,,,,
S. Ceruloplasmin,,650,PLAIN,,Daily,SEROLOGY,,,,
TPHA,,550,PLAIN,,Daily,SEROLOGY,,,,
Troponin - I,,1200,PLAIN,,Daily,SEROLOGY,,,,
Troponin - T (qualitative),,1200,EDTA,,Daily,SEROLOGY,,,,
TYPHIDOT,,300,PLAIN,,Daily,SEROLOGY,,,,
TYPHIDOT IGM,,300,None,,Daily,SEROLOGY,,,,
Typhoid IgG & IgM,,200,PLAIN,,Daily,SEROLOGY,,,,
Widal Test,,100,PLAIN,,Daily,SEROLOGY,,,,
Widal Test (Tube Method),,300,PLAIN,,Daily,SEROLOGY,,,,
Immunofixation Electrophoresis,,6000,PLAIN,,Daily,ELECTROPHORESIS/ALLERGY,,,,
Serum Protein Electrophoresis,,650,PLAIN,,Daily,ELECTROPHORESIS/ALLERGY,,,,
Allergy Comprehensive Inhalation,,8500,PLAIN,,Daily,ELECTROPHORESIS/ALLERGY,,,,
Allergy Comprehensive Food Profile,,12000,PLAIN,,Daily,ELECTROPHORESIS/ALLERGY,,,,
Allergy Tree Panel,,3300,PLAIN,,Daily,ELECTROPHORESIS/ALLERGY,,,,
Allergy Fruit Panel,,3300,PLAIN,,Daily,ELECTROPHORESIS/ALLERGY,,,,
Allergy Nuts Panel,,3300,PLAIN,,Daily,ELECTROPHORESIS/ALLERGY,,,,
Allergy Animal Panel,,3300,PLAIN,,Daily,ELECTROPHORESIS/ALLERGY,,,,
Allergy Grass Panel,,6500,PLAIN,,Daily,ELECTROPHORESIS/ALLERGY,,,,
Allergy Mold Panel,,6500,PLAIN,,Daily,ELECTROPHORESIS/ALLERGY,,,,
Allergy Weed Panel,,6500,PLAIN,,Daily,ELECTROPHORESIS/ALLERGY,,,,
Allergy Food Panel,,6500,PLAIN,,Daily,ELECTROPHORESIS/ALLERGY,,,,
24 Hrs Creatinine Clearance,,500,None,,Daily,CLINICAL PATHOLOGY,,,,
24 Hrs Urinary Uric Acid,,500,24 hrs. Urine,,Daily,CLINICAL PATHOLOGY,,,,
24 Hrs Urine Creatinine,,500,24 hrs. Urine,,Daily,CLINICAL PATHOLOGY,,,,
24 Hrs Urine Protein,,500,24 hrs. Urine,,Daily,CLINICAL PATHOLOGY,,,,
Stool Analysis,,100,STOOL,,Daily,CLINICAL PATHOLOGY,,,,
Stool Examination,,110,STOOL,,Daily,CLINICAL PATHOLOGY,,,,
STOOL OCCLUT BLOOD,,140,URINE,,Daily,CLINICAL PATHOLOGY,,,,
Urine 24 Hrs Microalb:creatinine Ratio,,500,24 hrs. Urine,,Daily,CLINICAL PATHOLOGY,,,,
Urine 24 Hrs Microalbumin,,600,24 hrs. Urine,,Daily,CLINICAL PATHOLOGY,,,,
Urine 24 Hrs Protein:creatinine Ratio,,500,24 hrs. Urine,,Daily,CLINICAL PATHOLOGY,,,,
Urine ACR (Albumin CreatInine Ratio),,250,URINE,,Daily,CLINICAL PATHOLOGY,,,,
URINE EXAMINATION,,100,URINE,,Daily,CLINICAL PATHOLOGY,,,,
URINE EXAMINATION (FASTING),,110,URINE,,Daily,CLINICAL PATHOLOGY,,,,
URINE EXAMINATION (PP),,110,URINE,,Daily,CLINICAL PATHOLOGY,,,,
URINE OCCLUT BLOOD,,200,URINE,,Daily,CLINICAL PATHOLOGY,,,,
URINE ROUTINE TEST,,110,URINE,,Daily,CLINICAL PATHOLOGY,,,,
24 Hrs Urine Calcium,,300,24 hrs. Urine,,Daily,CLINICAL PATHOLOGY,,,,
24 Hrs Urine Calcium,,250,24hrs.Urine(Calcium),,Daily,CLINICAL PATHOLOGY,,,,
24 Hrs Urine Phosphorus,,250,24 hrs. Urine,,Daily,CLINICAL PATHOLOGY,,,,
24 Hrs Urine Protein,,300,24 hrs. Urine,,Daily,CLINICAL PATHOLOGY,,,,
CREATININE CLEARANCE,,300,24 hrs. Urine,,Daily,CLINICAL PATHOLOGY,,,,
Ketone,,100,URINE,,Daily,CLINICAL PATHOLOGY,,,,
Microalbuminuria ( Spot ),,500,24 hrs. Urine,,Daily,CLINICAL PATHOLOGY,,,,
Nitrite,,100,URINE,,Daily,CLINICAL PATHOLOGY,,,,
Pus Cells,,50,URINE,,Daily,CLINICAL PATHOLOGY,,,,
Specific Gravity,,50,URINE,,Daily,CLINICAL PATHOLOGY,,,,
SPUTUM AFB STAIN,,100,SPUTUM,,Daily,CLINICAL PATHOLOGY,,,,
SPUTUM FOR AFB (CONCENTRATION),,250,SPUTUM,,Daily,CLINICAL PATHOLOGY,,,,
Sputum For Malignant Cells,,1000,SPUTUM,,Daily,CLINICAL PATHOLOGY,,,,
SPUTUM GRAM STAIN,,100,SPUTUM,,Daily,CLINICAL PATHOLOGY,,,,
SPUTUM OCCULT BLOOD,,100,SPUTUM,,Daily,CLINICAL PATHOLOGY,,,,
STOOL for Occult Blood,,100,STOOL,,Daily,CLINICAL PATHOLOGY,,,,
Stool Reducing Sugar,,50,STOOL,,Daily,CLINICAL PATHOLOGY,,,,
Ure Spot Calcium,,300,URINE,,Daily,CLINICAL PATHOLOGY,,,,
Urespot Microalb:creatinine Ratio,,500,URINE,,Daily,CLINICAL PATHOLOGY,,,,
Urine - Chyle,,500,URINE,,Daily,CLINICAL PATHOLOGY,,,,
Urine - Ph,,50,URINE,,Daily,CLINICAL PATHOLOGY,,,,
Urine - Specific Gravity,,50,URINE,,Daily,CLINICAL PATHOLOGY,,,,
Urine 24 Hrs Copper,,1450,24 hrs. Urine,,Daily,CLINICAL PATHOLOGY,,,,
Urine 24Hrs Creatinine,,300,24 hrs. Urine,,Daily,CLINICAL PATHOLOGY,,,,
Urine 24Hrs Creatinine Clearance,,500,PLAIN/24hrs. URINE,,Daily,CLINICAL PATHOLOGY,,,,
Urine 24Hrs Magnesium,,500,24 hrs. Urine,,Daily,CLINICAL PATHOLOGY,,,,
Urine 24Hrs Microalb:Creatinine Ratio,,500,24 hrs. Urine,,Daily,CLINICAL PATHOLOGY,,,,
Urine 24Hrs Microalb:Creatinine Ratio,,600,24 hrs. Urine,,Daily,CLINICAL PATHOLOGY,,,,
Urine 24Hrs Microalbumin,,500,24 hrs. Urine,,Daily,CLINICAL PATHOLOGY,,,,
Urine 24Hrs Pro:Creatinine Ratio,,600,24 hrs. Urine,,Daily,CLINICAL PATHOLOGY,,,,
Urine 24Hrs Specific Gravity,,300,24 hrs. Urine,,Daily,CLINICAL PATHOLOGY,,,,
Urine 24Hrs Uric Acid,,350,URINE,,Daily,CLINICAL PATHOLOGY,,,,
Urine Albumin 24 Hrs,,300,24 hrs. Urine,,Daily,BODY FLUIDS,,,,
URINE BENCE JONES PROTEIN,,500,URINE,,Daily,BODY FLUIDS,,,,
Urine Beta HCG,,600,URINE,,Daily,BODY FLUIDS,,,,
Urine Bile Pigment (bp),,200,URINE,,Daily,BODY FLUIDS,,,,
Urine Bile Salts (bs),,200,URINE,,Daily,BODY FLUIDS,,,,
Urine Bilirubin,,50,URINE,,Daily,BODY FLUIDS,,,,
Urine For Blood / Hb,,100,URINE,,Daily,BODY FLUIDS,,,,
Urine For Pregnancy,,200,URINE,,Daily,BODY FLUIDS,,,,
Urine For Urobilinogen,,50,URINE,,Daily,BODY FLUIDS,,,,
Urine Glucose,,100,URINE,,Daily,BODY FLUIDS,,,,
Urine Glucose,,100,URINE,,Daily,BODY FLUIDS,,,,
Urine Hemoglobin,,200,URINE,,Daily,BODY FLUIDS,,,,
Urine Ketone,,100,URINE,,Daily,BODY FLUIDS,,,,
Urine Nitrate,,50,URINE,,Daily,BODY FLUIDS,,,,
Urine Ph,,50,URINE,,Daily,BODY FLUIDS,,,,
Urine Phase Contrast,,300,URINE,,Daily,BODY FLUIDS,,,,
Urine Porphobilinogen,,150,URINE,,Daily,BODY FLUIDS,,,,
Urine Protein,,100,URINE,,Daily,BODY FLUIDS,,,,
Urine Protein,,100,URINE,,Daily,BODY FLUIDS,,,,
Urine Protein 24 Hrs,,300,24 hrs. Urine,,Daily,BODY FLUIDS,,,,
Urine Reducing Sugar,,50,URINE,,Daily,BODY FLUIDS,,,,
Urine spot Microalb:creatinine Ratio,,500,URINE,,Daily,BODY FLUIDS,,,,
URINE SPOT MICROALBUMIN,,300,URINE,,Daily,BODY FLUIDS,,,,
Urine Spot Protein,,250,URINE,,Daily,BODY FLUIDS,,,,
Urine Spot Protein:Creatinine Ratio,,450,URINE,,Daily,BODY FLUIDS,,,,
Urine Sugar (fasting),,50,URINE,,Daily,BODY FLUIDS,,,,
Urine Sugar (PP),,50,URINE-PP,,Daily,BODY FLUIDS,,,,
Urine Uric Acid,,200,URINE,,Daily,BODY FLUIDS,,,,
ADA - Ascitic Fluid,,350,FLUIDS,,Daily,BODY FLUIDS,,,,
ADA-CSF,,600,C.S.F.,,Daily,BODY FLUIDS,,,,
ADA - Liver  Aspirate,,400,FLUIDS,,Daily,BODY FLUIDS,,,,
AMNIOTIC FLUID EXAMINATION,,1000,SYNOVIAL FLUID,,Daily,BODY FLUIDS,,,,
ASCITIC FLUID EXAMINATION,,300,ASCITIC FLUID,,Daily,BODY FLUIDS,,,,
ASCITIC FLUID FOR BIOCHEMISTRY,,400,None,,Daily,BODY FLUIDS,,,,
Ascitic Fluid For Chyle,,250,ASCITIC FLUID,,Daily,BODY FLUIDS,,,,
Ascitic Fluid: For Malignant Cell,,1000,ASCITIC FLUID,,Daily,BODY FLUIDS,,,,
Ascitic Fluid: Gram Stain,,100,ASCITIC FLUID,,Daily,BODY FLUIDS,,,,
Ascitic Fluid: Pancreatic Amylase,,350,ASCITIC FLUID,,Daily,BODY FLUIDS,,,,
Ascitic Fluid: Z.N. Stain,,100,ASCITIC FLUID,,Daily,BODY FLUIDS,,,,
B.A.L. FLUID EXAMINATION,,300,SYNOVIAL FLUID,,Daily,BODY FLUIDS,,,,
C. S. F. Examination,,600,C.S.F.,,Daily,BODY FLUIDS,,,,
CBNAAT,,3500,None,,Daily,BODY FLUIDS,,,,
CSF AFB STAIN,,400,FLUIDS,,Daily,BODY FLUIDS,,,,
CSF Gram Stain,,300,C.S.F.,,Daily,BODY FLUIDS,,,,
Fluid Liver Abscess Examination,,300,PUS,,Daily,BODY FLUIDS,,,,
Fluid Synovial For Malignant Cell,,900,ASCITIC FLUID,,Daily,BODY FLUIDS,,,,
GENE EXEPERT,,3300,None,,Daily,BODY FLUIDS,,,,
Liver  Aspirate For Malignant Cell,,1000,ASCITIC FLUID,,Daily,BODY FLUIDS,,,,
Liver  Aspirate Gram Stain,,100,C.S.F.,,Daily,BODY FLUIDS,,,,
OVARIAN CYST FLUID EXAMINATION,,300,ASCITIC FLUID,,Daily,BODY FLUIDS,,,,
Ovarian Cyst For Malignant Cell,,1000,ASCITIC FLUID,,Daily,BODY FLUIDS,,,,
Pericardial Examination : Fluid,,300,PERICARDIAL FLUID,,Daily,BODY FLUIDS,,,,
Pericardial For Chyle : Fluid,,250,ASCITIC FLUID,,Daily,BODY FLUIDS,,,,
Pericardial Gram Stain : Fluid,,150,PERICARDIAL FLUID,,Daily,BODY FLUIDS,,,,
Pericardial Z N Stain : Fluid,,150,PERICARDIAL FLUID,,Daily,BODY FLUIDS,,,,
Pleural Fluid : ADA,,600,FLUIDS,,Daily,BODY FLUIDS,,,,
PLEURAL FLUID EXAMINATION,,300,PLEURAL FLUID,,Daily,BODY FLUIDS,,,,
Pleural Fluid For Amylase,,350,FLUIDS,,Daily,BODY FLUIDS,,,,
Pleural Fluid For Chyle,,250,PLEURAL FLUID,,Daily,BODY FLUIDS,,,,
Pleural Fluid For Malignant Cells,,1000,PLEURAL FLUID,,Daily,BODY FLUIDS,,,,
Pleural Fluid: Gram Stain,,100,PLEURAL FLUID,,Daily,BODY FLUIDS,,,,
Pleural Fluid: Z N Stain,,100,PLEURAL FLUID,,Daily,BODY FLUIDS,,,,
PUS EXAMINATION,,400,PUS,,Daily,BODY FLUIDS,,,,
SAAG PROFILE,,500,PLAIN,,Daily,BODY FLUIDS,,,,
SAMPLE,,100,FLUIDS,,Daily,BODY FLUIDS,,,,
SEMEN ANALYSIS,,200,SEMEN,,Daily,BODY FLUIDS,,,,
Semen Wash,,2000,SEMEN,,Daily,BODY FLUIDS,,,,
Synovial Fluid : ADA,,600,FLUIDS,,Daily,BODY FLUIDS,,,,
SYNOVIAL FLUID EXAMINATION,,300,SYNOVIAL FLUID,,Daily,BODY FLUIDS,,,,
Synovial Fluid: Gram Stain,,100,SYNOVIAL FLUID,,Daily,BODY FLUIDS,,,,
Synovial Fluid: Z N Stain,,100,SYNOVIAL FLUID,,Daily,BODY FLUIDS,,,,
VOMITIOUS EXAMINATION,,240,OTHER,,Daily,BODY FLUIDS,,,,
AFB Culture + 10 Drugs Panel,,6000,CSF/FLD/SPT/PUS/OT/P,,Daily,MICROBIOLOGY,,,,
AFB Culture + Diff + 10 Drugs Panel,,6000,CSF/FLD/SPT/PUS/OT/P,,Daily,MICROBIOLOGY,,,,
AFB Culture + Diff + 5 Drugs Panel,,3500,CSF/FLD/SPT/PUS/OT/P,,Daily,MICROBIOLOGY,,,,
AFB Culture + Differentiation,,1200,CSF/FLD/SPT/PUS/OT/P,,Daily,MICROBIOLOGY,,,,
AFB Cuture + 5 Drugs Panel,,2750,CSF/FLD/SPT/PUS/OT/P,,Daily,MICROBIOLOGY,,,,
AFB Sen (in.drg) Cycloserine,,700,CSF/FLD/SPT/PUS/OT/P,,Daily,MICROBIOLOGY,,,,
AFB Sens (in.drg) Ethionamide,,700,CSF/FLD/SPT/PUS/OT/P,,Daily,MICROBIOLOGY,,,,
AFB Sens (ind. Drg) Clofazimine,,700,CSF/FLD/SPT/PUS/OT/P,,Daily,MICROBIOLOGY,,,,
AFB Sens (ind. Drg) Streptomycin,,700,CSF/FLD/SPT/PUS/OT/P,,Daily,MICROBIOLOGY,,,,
AFB Sens (ind.drg) Amikacin,,700,CSF/FLD/SPT/PUS/OT/P,,Daily,MICROBIOLOGY,,,,
AFB Sens (ind.drg) Carpreomycin,,700,CSF/FLD/SPT/PUS/OT/P,,Daily,MICROBIOLOGY,,,,
AFB Sens (ind.drg) Ciprofloxacin,,700,CSF/FLD/SPT/PUS/OT/P,,Daily,MICROBIOLOGY,,,,
AFB Sens (ind.drg) Ethambutol,,700,CSF/FLD/SPT/PUS/OT/P,,Daily,MICROBIOLOGY,,,,
AFB Sens (ind.drg) Isoniazid,,700,CSF/FLD/SPT/PUS/OT/P,,Daily,MICROBIOLOGY,,,,
AFB Sens (ind.drg) Kanamlycin,,700,CSF/FLD/SPT/PUS/OT/P,,Daily,MICROBIOLOGY,,,,
AFB Sens (ind.drg) Livofloxacin,,700,CSF/FLD/SPT/PUS/OT/P,,Daily,MICROBIOLOGY,,,,
AFB Sens (ind.drg) Ofloxacin,,700,CSF/FLD/SPT/PUS/OT/P,,Daily,MICROBIOLOGY,,,,
AFB Sens (ind.drg) P A S,,700,CSF/FLD/SPT/PUS/OT/P,,Daily,MICROBIOLOGY,,,,
AFB Sens (ind.drg) Pyrazinamide,,1200,CSF/FLD/SPT/PUS/OT/P,,Daily,MICROBIOLOGY,,,,
AFB Sens (ind.drg) Rifampicin,,700,CSF/FLD/SPT/PUS/OT/P,,Daily,MICROBIOLOGY,,,,
AFB STAIN (Bronchial Lavag),,300,24 hrs. Urine,,Daily,MICROBIOLOGY,,,,
AFB STAIN VAGINAL SWAB,,300,SWAB,,Daily,MICROBIOLOGY,,,,
AFB STAIN: ASCITIC FLUID,,300,FLUIDS,,Daily,MICROBIOLOGY,,,,
AFB STAIN: CONJUCTIVAL,,200,SWAB,,Daily,MICROBIOLOGY,,,,
AFB STAIN: CSF,,200,FLUIDS,,Daily,MICROBIOLOGY,,,,
AFB STAIN: CYSTIC  ASPIRATE,,200,PUS,,Daily,MICROBIOLOGY,,,,
AFB STAIN: NASAL SMEAR,,200,SWAB,,Daily,MICROBIOLOGY,,,,
AFB STAIN: PLURAL FLUID,,300,URINE,,Daily,MICROBIOLOGY,,,,
AFB STAIN: PUS/DISCHARGE,,300,PUS,,Daily,MICROBIOLOGY,,,,
AFB STAIN: SEMEN,,200,URINE,,Daily,MICROBIOLOGY,,,,
AFB STAIN: SPUTUM,,300,SPUTUM,,Daily,MICROBIOLOGY,,,,
AFB STAIN: SYNOVIAL FLUID,,200,FLUIDS,,Daily,MICROBIOLOGY,,,,
AFB STAIN: THROAT SWAB,,300,URINE,,Daily,MICROBIOLOGY,,,,
AFB STAIN: URETHRAL SMEAR,,200,URETHREAL SWAB,,Daily,MICROBIOLOGY,,,,
AFB STAIN: URINE,,300,URINE,,Daily,MICROBIOLOGY,,,,
AFB STAIN:PERICARDIAL FLUID,,200,FLUIDS,,Daily,MICROBIOLOGY,,,,
ASCTIC FLUID CULTURE,,600,ASCITIC FLUID,,Daily,MICROBIOLOGY,,,,
BAL FLUID,,150,BAL FLUID,,Daily,MICROBIOLOGY,,,,
BLOOD BAG  CULTURE,,1000,BLOOD BAG,,Daily,MICROBIOLOGY,,,,
BLOOD CULTURE,,1000,BACT/ALERT BOTTLE,,Daily,MICROBIOLOGY,,,,
CONJECTIVALSECRETION,,150,BAL FLUID,,Daily,MICROBIOLOGY,,,,
CSF,,250,C.S.F.,,Daily,MICROBIOLOGY,,,,
CSF CULTURE,,600,C.S.F.,,Daily,MICROBIOLOGY,,,,
CYST FLUID CULTURE,,600,FLUIDS,,Daily,MICROBIOLOGY,,,,
EAR SWAB  CULTURE,,600,SWAB,,Daily,MICROBIOLOGY,,,,
EYE SWAB  CULTURE,,600,SWAB,,Daily,MICROBIOLOGY,,,,
FUNGAL CULTURE,,1000,URINE,,Daily,MICROBIOLOGY,,,,
Gram Stain (Bronchial Lavag),,300,24 hrs. Urine,,Daily,MICROBIOLOGY,,,,
GRAM STAIN: ASCITIC FLUID,,200,FLUIDS,,Daily,MICROBIOLOGY,,,,
GRAM STAIN: CONJUCTIVAL,,300,SWAB,,Daily,MICROBIOLOGY,,,,
GRAM STAIN: CSF,,200,FLUIDS,,Daily,MICROBIOLOGY,,,,
GRAM STAIN: CYSTIC  ASPIRATE,,200,PUS,,Daily,MICROBIOLOGY,,,,
GRAM STAIN: NASAL SMEAR,,300,SWAB,,Daily,MICROBIOLOGY,,,,
GRAM STAIN: PLURAL FLUID,,200,URINE,,Daily,MICROBIOLOGY,,,,
GRAM STAIN: PUS/DISCHARGE,,300,PUS,,Daily,MICROBIOLOGY,,,,
GRAM STAIN: SEMEN,,200,URINE,,Daily,MICROBIOLOGY,,,,
GRAM STAIN: SPUTUM,,200,SPUTUM,,Daily,MICROBIOLOGY,,,,
GRAM STAIN: STOOL,,200,STOOL,,Daily,MICROBIOLOGY,,,,
GRAM STAIN: SYNOVIAL FLUID,,200,FLUIDS,,Daily,MICROBIOLOGY,,,,
GRAM STAIN: THROAT SWAB,,300,URINE,,Daily,MICROBIOLOGY,,,,
GRAM STAIN: URETHRAL SMEAR,,300,URETHREAL SWAB,,Daily,MICROBIOLOGY,,,,
GRAM STAIN: URINE,,200,URINE,,Daily,MICROBIOLOGY,,,,
GRAM STAIN: VAGINAL SWAB,,200,SWAB,,Daily,MICROBIOLOGY,,,,
GRAM STAIN:PERICARDIAL FLUID,,300,FLUIDS,,Daily,MICROBIOLOGY,,,,
HAIR KOH SMEAR,,150,SCRAPPING-HAIR,,Daily,MICROBIOLOGY,,,,
KLB SMEAR THROAT SWAB,,200,SWAB,,Daily,MICROBIOLOGY,,,,
NAIL KLIPPING,,150,SCRAPPING-NAIL,,Daily,MICROBIOLOGY,,,,
NASAL SMEAR FOR LEPRABACILLI,,200,SWAB,,Daily,MICROBIOLOGY,,,,
OT SAMPLE CULTURE,,600,SWAB,,Daily,MICROBIOLOGY,,,,
PLURAL FLUID CULTURE,,600,PLEURAL FLUID,,Daily,MICROBIOLOGY,,,,
PUS CULTURE,,500,PUS,,Daily,MICROBIOLOGY,,,,
"RAPID AFB CULTURE (BacT/Alert3D60,Biomerieux)",,1600,SPUTUM,,Daily,MICROBIOLOGY,,,,
"RAPID AFB CULTURE SPUTUM (BacT/Alert3D60,Biomerieux)",,1000,SPUTUM,,Daily,MICROBIOLOGY,,,,
"RAPID AFB CULTURE SPUTUM (Final Report) (BacT/Alert3D60,Biomerieux)",,500,CSF/FLD/SPT/PUS/OT/P,,Daily,MICROBIOLOGY,,,,
SEMEN CULTURE,,500,SEMEN,,Daily,MICROBIOLOGY,,,,
SKIN SCRAPING,,150,SCRAPPING-SKIN,,Daily,MICROBIOLOGY,,,,
SLIT SKIN SMEAR FOR LEPRABACILLI,,250,SWAB,,Daily,MICROBIOLOGY,,,,
SLIT SKIN SMEAR(EAR LOBULE)LEPRA BACILLI,,200,SWAB,,Daily,MICROBIOLOGY,,,,
SPUTUM CULTURE,,600,SPUTUM,,Daily,MICROBIOLOGY,,,,
SPUTUM KOH SMEAR,,150,SPUTUM,,Daily,MICROBIOLOGY,,,,
STOOL  CULTURE,,500,STOOL,,Daily,MICROBIOLOGY,,,,
SYNOVIAL FLUID CULTURE,,600,SYNOVIAL FLUID,,Daily,MICROBIOLOGY,,,,
THROAT SECRETION,,150,SPUTUM,,Daily,MICROBIOLOGY,,,,
THROAT SWAB  CULTURE,,600,SWAB,,Daily,MICROBIOLOGY,,,,
TRACHEAL CULTURE,,600,CULTURE SPECIMEN,,Daily,MICROBIOLOGY,,,,
URETHERAL SWAB  CULTURE,,600,URETHREAL SWAB,,Daily,MICROBIOLOGY,,,,
URINE,,100,URINE,,Daily,MICROBIOLOGY,,,,
URINE CULTURE,,500,URINE,,Daily,MICROBIOLOGY,,,,
VAGINAL SWAB  CULTURE,,600,SWAB,,Daily,MICROBIOLOGY,,,,
PCR MYCOBACTERIUM: MENSTRUAL BLOOD,,3500,MENSTRUAL BLOOD,,Daily,MICROBIOLOGY,,,,
PCR MYCOBACTERIUM: BLOOD,,3500,BLOOD ACD,,Daily,MICROBIOLOGY,,,,
PCR MYCOBACTERIUM: BAL FLUID,,3500,BAL FLUID,,Daily,MICROBIOLOGY,,,,
PCR MYCOBACTERIUM: URINE,,3500,24 hrs. Urine,,Daily,MICROBIOLOGY,,,,
PCR MYCOBACTERIUM:  FLUID,,3500,FLUIDS,,Daily,MICROBIOLOGY,,,,
PCR MYCOBACTERIUM:  PUS,,3500,PUS,,Daily,MICROBIOLOGY,,,,
PCR  MYCOBACTERIUM: CSF,,3500,C.S.F.,,Daily,MICROBIOLOGY,,,,
PCR MYCOBACTERIUM: SPUTUM,,3500,SPUTUM,,Daily,MICROBIOLOGY,,,,
PCR MYCOBACTERIUM: SEMEN,,3500,SEMEN,,Daily,MICROBIOLOGY,,,,
PCR MYCOBACTERIUM:  ENDOMETRIUM,,3500,MENSTRUAL BLOOD,,Daily,MICROBIOLOGY,,,,
PCR MYCOBACTERIUM:  TISSUE,,3500,MENSTRUAL BLOOD,,Daily,MICROBIOLOGY,,,,
HCV VIRAL LOAD,,6000,PLAIN,,Daily,MICROBIOLOGY,,,,
HEPATITIS B VIRAL LOAD,,6000,PLAIN,,Daily,MICROBIOLOGY,,,,
DENGUE REAL TIME PCR,,3800,PLAIN,,Daily,MICROBIOLOGY,,,,
HPV PCR,,2100,PLAIN,,Daily,MICROBIOLOGY,,,,
Hla-B27,,3000,EDTA,,Daily,MICROBIOLOGY,,,,
H1N1 (Swine Flu),,3000,SWAB,,Daily,MICROBIOLOGY,,,,
TB PLATINUM,,2500,EDTA/SODIUM HEPARIN,,Daily,MICROBIOLOGY,,,,
TB PCR,,2000,EDTA/SODIUM HEPARIN,,Daily,MICROBIOLOGY,,,,
SARS-CoV2 (COVID19) RT PCR,,300,Nasopharyngeal & Oropharyngeal Swab,,Daily,MICROBIOLOGY,,,,
SARS-COVID-19 Antigen Rapid Test,,150,Nasopharyngeal & Oropharyngeal Swab,,Daily,MICROBIOLOGY,,,,
1p & 19q,,9000,Tumor tissue,,7-8 days,MICROBIOLOGY,,,,
5-Flurouracil (5-FU) Toxicity and Chemotherapeutic Response (DPYD variants/DPD),,5000,Peripheral blood,,3-4 days,MICROBIOLOGY,,,,
"AAAS Full Gene Sequence Analysis (Allogrove
Syndrome)",,25000,Peripheral blood/Amniotic Fluid/ Chorionic villi/ Cord blood,,4-6 weeks,MICROBIOLOGY,,,,
Achondroplasia (FGFR3 full gene sequence analysis),,25000,Peripheral blood/Amniotic Fluid/ Chorionic villi/ Cord blood,,4-6 weeks,MICROBIOLOGY,,,,
"Achondroplasia Mutation Analysis (FGFR3 gene-
G1138A, G1138C)",,6000,Peipheral blood,,7-10 days,MICROBIOLOGY,,,,
"Acute Leukemia Mini Panel (AML/ETO, INV[16], PML/RARA, BCR/ABL,
TEL/AML1, MLL, E2A)",,8000,Bone marrow / Peripheral blood (Transport immediately),,5-6 days,MICROBIOLOGY,,,,
Acute Leukemia Panel,,9000,Bone Marrow / Peripheral blood,,1-2 days,MICROBIOLOGY,,,,
ALK/EML4 (NSCLC),,9000,Tumor tissue,,7-8 days,MICROBIOLOGY,,,,
"ALL FISH PANEL [FISH [BCR/ABL, TEL/AML1, MLL, E2A])",,9900,Bone marrow / Peripheral blood (Transport immediately),,5-7 days,MICROBIOLOGY,,,,
"ALL PANEL (Cytogenetics + FISH [BCR/ABL, TEL/AML1, MLL, E2A])",,12500,Bone marrow / Peripheral blood (Transport immediately),,5-7 days,MICROBIOLOGY,,,,
"ALL Panel
Deletion/Duplication detection",,6500,Bone marrow / Peripheral blood (Transport immediately),,9-10 days,MICROBIOLOGY,,,,
"ALL PCR Panel (BCR/ABL,TEL/AML1,MLL,
E2A]",,6500,Bone marrow / Peripheral blood (Transport immediately),,5-6 days,MICROBIOLOGY,,,,
"Alpha Thalassemia mutation screening (3 common
mutation)",,5000,Peripheral blood,,3-4 days,MICROBIOLOGY,,,,
"AML FISH PANEL [FISH
[AML/ETO,INV[16], PML/RARA, MLL])",,9900,Bone marrow / Peripheral blood (Transport immediately),,5-7 days,MICROBIOLOGY,,,,
"AML PANEL (Cytogenetics + FISH [AML/ETO,INV[16],
PML/RARA, MLL])",,12000,Bone marrow / Peripheral blood (Transport immediately),,5-7 days,MICROBIOLOGY,,,,
"AML Panel Deletion/Duplication
detection",,8000,Bone marrow / Peripheral blood (Transport immediately),,9-10 days,MICROBIOLOGY,,,,
"AML PCR Panel (AML/ETO, INV[16], PML/RARA)",,6500,Bone marrow / Peripheral blood (Transport immediately),,5-6 days,MICROBIOLOGY,,,,
"AML Prognostic Panel (Cytogenetics + PCR) (AML/ETO, INV[16], PML/RARA, FLT3, NPM1,
CEBPA)",,21000,Bone marrow / Peripheral blood (Transport immediately),,5-7  days,MICROBIOLOGY,,,,
AML1/ETO (AML - M2),,4100,Bone Marrow / Peripheral blood,,5-6 days,MICROBIOLOGY,,,,
ANY SPECIAL STAIN,,500,Tissue/Paraf?n block,,3 days,MICROBIOLOGY,,,,
"Arthrogryposis and Congenital Myasthenic
syndrome Gene Panel",,35000,Amniotic ?uid/ Chorionic villi/ Peripheral blood,,4-6 weeks,MICROBIOLOGY,,,,
Ataxia Gene Panel,,35000,Amniotic ?uid/ Chorionic villi/ Peripheral blood,,4-6 weeks,MICROBIOLOGY,,,,
Autism Gene panel,,35000,Amniotic ?uid/ Chorionic villi/ Peripheral blood,,4-6 weeks,MICROBIOLOGY,,,,
BCL2,,4100,Bone Marrow / Peripheral blood,,5-6 days,MICROBIOLOGY,,,,
BCL2/IGH (t14;18),,7000,Tumor tissue                  ue,,7-8 days,MICROBIOLOGY,,,,
BCL6,,4100,Bone Marrow / Peripheral blood,,5-6 days,MICROBIOLOGY,,,,
BCL6,,7000,Tumor tissue,,7-8 days,MICROBIOLOGY,,,,
"BCR-ABL (CML, AML,
ALL)",,4100,Bone Marrow / Peripheral blood,,5-6 days,MICROBIOLOGY,,,,
"BCR-ABL Variant Panel (Mbcr-b2a2, b3a2, b2a3, b3a3; mbcr-e1a2, e1a3; Âµbcr)",,6500,Bone marrow / Peripheral blood (Transport immediately),,5-7 days,MICROBIOLOGY,,,,
"BCR-ABL1 Kinase Domain
Mutation Analysis",,9000,"Bone marrow / Peripheral blood
(Transport immediately)",,7-8 days,MICROBIOLOGY,,,,
BCR-ABL1 Major Qualitative,,5000,"Bone marrow / Peripheralblood
(Transport immediately)",,3-4 days,MICROBIOLOGY,,,,
"BCR-ABL1 Major
Quantitative",,6000,"Bone marrow / Peripheral blood
(Transport immediately)",,3-4 days,MICROBIOLOGY,,,,
BCR-ABL1 Minor Qualitative,,5000,"Bone marrow / Peripheralblood
(Transport immediately)",,3-4 days,MICROBIOLOGY,,,,
"BCR-ABL1 Minor
Quantitative",,6000,"Bone marrow / Peripheral blood
(Transport immediately)",,3-4 days,MICROBIOLOGY,,,,
"BCR-ABL Quanti?cation by
DD PCR",,6000,Peripheral Blood,,10 days,MICROBIOLOGY,,,,
Benign Infantile Epilepsy Gene Panel,,35000,Amniotic ?uid/ Chorionic villi/ Peripheral blood,,4-6 weeks,MICROBIOLOGY,,,,
Beta Thalassemia-9 Common Mutations screening (Couple),,5000,Peripheral blood,,3-4 days,MICROBIOLOGY,,,,
"Beta Thalassemia -12 Common Mutations screening
(Single)",,6000,Peripheral blood,,6-7 days,MICROBIOLOGY,,,,
Beta Thalassemia-9 Common Mutations screening (Single),,3500,Peripheral blood,,3-4 days,MICROBIOLOGY,,,,
Beta Thalassemia Screening [Prenatal],,4000,Amniotic ?uid / Chorionic villi / Cord blood,,3-4 days,MICROBIOLOGY,,,,
Beta Thalassemia-HBB deletion/duplication analysis,,7000,Amniotic ?uid / Chorionic villi / Cord blood/Peripheral blood,,10-12 days,MICROBIOLOGY,,,,
Beta Thalassemia-HBB Full Gene Analysis (Couple + Prenatal) [TRIO ANALYSIS],,18000,Amniotic ?uid / Chorionic villi / Cord blood/peripheral blood,,8-10 days,MICROBIOLOGY,,,,
"Beta Thalassemia-HBB Full
Gene Analysis (Couple)",,15000,Peripheral blood,,8-10 days,MICROBIOLOGY,,,,
"Beta Thalassemia-HBB Full
Gene Analysis (Single)",,8000,Peripheral blood,,8-10 days,MICROBIOLOGY,,,,
Bone Marrow for Karyotyping,,3600,Bone Marrow / Peripheralblood,,7-8 days,MICROBIOLOGY,,,,
"Bone Marrow Failure
Syndrome",,28000,Peripheral blood,,4-6 weeks,MICROBIOLOGY,,,,
"BRAF Mutation Analysis
(V600E)",,6500,Tumor tissue,,7-8 days,MICROBIOLOGY,,,,
"BRCA 1 & 2  deletion &
duplication detection",,12000,Peripheral blood,,8-10 days,MICROBIOLOGY,,,,
BRCA 1 & 2 Gene Panel,,25000,Peripheral blood,,4-6 weeks,MICROBIOLOGY,,,,
"BRCA 1 & 2 NGS Gene
Panel + BRCA 1 & 2 Deletion/duplication by MLPA",,30000,Tumor tissue + Peripheral Blood,,3-4 weeks,MICROBIOLOGY,,,,
"CAH deletion & duplication
detection",,7000,Peripheral blood,,8-10 days,MICROBIOLOGY,,,,
"CALR Mutation Analysis (Deletion or Insertion in Exon
9)",,7000,Bone Marrow/Peripheral Blood,,7-8 days,MICROBIOLOGY,,,,
CanAssist-Breast,,75000,"Tumor tissue from the primary tumour obtained during lumpectomy, breast conserving surgery or mastectomy.",,15-16 days,MICROBIOLOGY,,,,
Cardiac Channelopathy Gene Panel,,35000,Amniotic ?uid/ Chorionic villi/ Peripheral blood,,4-6 weeks,MICROBIOLOGY,,,,
Cardiomyopathy Gene Panel,,35000,Amniotic ?uid/ Chorionvicilli/ Peripheral blood,,4-6 weeks,MICROBIOLOGY,,,,
"CBFB-MYH11 inv(16)
Qualitative",,4100,"Bone marrow / Peripheral blood
(Transport immediately)",,3-4 days,MICROBIOLOGY,,,,
CCDN1,,4100,Bone Marrow / Peripheral blood,,5-6 days,MICROBIOLOGY,,,,
CCND1,,7000,Tumor tissue,,7-8 days,MICROBIOLOGY,,,,
"CEBPA Full Gene Mutation
Analysis",,6500,Peripheral Blood,,7-8 days,MICROBIOLOGY,,,,
Chromosome 21,,4100,Amniotic ?uid / Chorionic villi / Cord blood,,5-6 days,MICROBIOLOGY,,,,
"Chromosome Breakage
Syndrome",,7500,Peripheral blood (4-5ml),,8-10 days,MICROBIOLOGY,,,,
CHROMOSOMES 13 & 21,,5000,Amniotic ?uid / Chorionic villi / Cord blood,,5-6 days,MICROBIOLOGY,,,,
"Chromosomes 13, 18, 21, X & Y",,7000,Amniotic ?uid / Chorionic villi / Cord blood,,5-6 days,MICROBIOLOGY,,,,
"Chromosomes 18, X & Y",,5000,Amniotic ?uid / Chorionic villi / Cord blood,,5-6 days,MICROBIOLOGY,,,,
Chronic Leukemia Panel,,9000,Bone Marrow / Peripheral blood,,1-2 days,MICROBIOLOGY,,,,
"Chronic Neutrophilic Leukemia (CNL)(CSF3R gene
- exon 14 & 17; SETBP gene -
exon 4)",,8000,Bone Marrow/Peripheral Blood,,7-8 days,MICROBIOLOGY,,,,
"cKIT Mutation Screening
(Exons 9, 11, 13, 17) AML",,6500,Peripheral Blood,,7-8 days,MICROBIOLOGY,,,,
"cKIT Mutation Screening (Exons 9, 11, 13, 17)
Gastrointestinal Stromal
Tumors",,9000,Tumors tissue,,7-8 days,MICROBIOLOGY,,,,
Clinical Exome sequencing,,28000,Amniotic ?uid/ Chorionic villi/ Peripheral blood,,4-6 weeks,MICROBIOLOGY,,,,
"CLL FISH PANEL [FISH
[del(11q), trisomy 12, del(13q), del(17p)]",,9900,Bone marrow / Peripheral blood (Transport immediately),,5-7 days,MICROBIOLOGY,,,,
"CLL PANEL (Cytogenetics + FISH [del(11q), trisomy 12, del(13q), del(17p)])",,12000,Bone marrow / Peripheral blood (Transport immediately),,5-7 days,MICROBIOLOGY,,,,
"CLL Panel Deletion/Duplication
detection",,8000,Bone marrow / Peripheral blood (Transport immediately),,9-10 days,MICROBIOLOGY,,,,
"C-Myc (ALL, NHL)",,4100,Bone Marrow / Peripheral blood,,5-6 days,MICROBIOLOGY,,,,
C-Myc oncogene,,8000,Tumor tissue,,7-8 days,MICROBIOLOGY,,,,
"Colorectal Cancer Panel
[NRAS,KRAS,BRAF]",,18000,Tumor tissue,,6-7days,MICROBIOLOGY,,,,
"Common
Neurological/neuromuscular diseases Gene Panel",,35000,Amniotic ?uid/ Chorionic villi/ Peripheral blood,,4-6 weeks,MICROBIOLOGY,,,,
Complete Inherited Disease Panel,,35000,Amniotic ?uid/ Chorionic villi/ Peripheral blood,,4-6 weeks,MICROBIOLOGY,,,,
"Comprehensive Hereditary
Panel (154 genes)",,28000,Peripheral Blood,,4-6 weeks,MICROBIOLOGY,,,,
"Congenital Adrenal Hyperplasia (CAH full gene
sequence analysis)",,10000,Peripheral blood,,4-6 weeks,MICROBIOLOGY,,,,
Congenital Myopathy Gene Panel,,35000,Amniotic ?uid/ Chorionic villi/ Peripheral blood,,4-6 weeks,MICROBIOLOGY,,,,
Cord Blood For Karyotyping,,4500,Cord Blood                       Vacutainer,,7-9 days,MICROBIOLOGY,,,,
Criggler Najjar Syndrome,,18000,Peripheral Blood,,7-8 days,MICROBIOLOGY,,,,
"CXCR4 gene Mutation
Analysis",,7500,Peripheral blood,,7-8 days,MICROBIOLOGY,,,,
Cystic Fibrosis mutation screening (CFTR - Del 508 ),,4000,Peripheral blood,,7-8 days,MICROBIOLOGY,,,,
"Cystic Fibrosis Mutation Screening (CFTR - Del 508, G551D/R553X, G542X)",,5000,Peripheral blood,,3-4 days,MICROBIOLOGY,,,,
Cystic Fibrosis: CFTR full gene sequence analysis,,25000,Amniotic ?uid/ Chorionic villi/ Peripheral blood,,4-6 weeks,MICROBIOLOGY,,,,
"Cytochrome P450 2C19 Genotyping (CYP2C19) Clopidogrel resistance
(?2,?3,?4,?10)",,4000,Peripheral blood,,3 days,MICROBIOLOGY,,,,
"Cytochrome P450 2D6
Genotyping (CYP2D6 - Alleles)",,4500,Peripheral blood,,3-4 days,MICROBIOLOGY,,,,
"CYTOLOGY- LBC PAP
SMEAR",,850,Endocervical brush in LBC container,,2 days,MICROBIOLOGY,,,,
"CYTOLOGY-PAP SMEAR (TWO SLIDES ONLY
+100RS ADDITIONAL FOR SLIDES)",,500,Slides,,2 days,MICROBIOLOGY,,,,
"Cytomegalovirus (CMV)
Qualitative PCR",,1400,"Peripheral blood/ Plasma/ Serum/
Amniotic ?uid / Cord Blood",,2-3 days,MICROBIOLOGY,,,,
"Cytomegalovirus (CMV)
Quantitative PCR",,3500,"Peripheral blood/ Plasma/ Serum/
Amniotic ?uid / Cord Blood",,2-3 days,MICROBIOLOGY,,,,
Deafness Gene Panel,,35000,Amniotic ?uid/ Chorionic villi/ Peripheral blood,,4-6 weeks,MICROBIOLOGY,,,,
Del(20q) (MDS),,4100,Bone Marrow /Peripheral blood,,5-6 days,MICROBIOLOGY,,,,
Del(5q) (MDS),,4100,Bone Marrow / Peripheral blood,,5-6 days,MICROBIOLOGY,,,,
Del(7q) (MDS),,4100,Bone Marrow / Peripheral blood,,5-6 days,MICROBIOLOGY,,,,
"Del[11q(ATM)] (MM, CLL)",,4100,Bone Marrow / Peripheral blood,,5-6 days,MICROBIOLOGY,,,,
"Del[13q] (MM, CLL)",,4100,Bone Marrow / Peripheral blood,,5-6 days,MICROBIOLOGY,,,,
"Del[17p(p53)] (MM, CLL)",,4100,Bone Marrow / Peripheral blood,,5-6 days,MICROBIOLOGY,,,,
"Delta beta Thalassaemia
mutation screening",,3500,Peripheral blood,,3-4 days,MICROBIOLOGY,,,,
"Di-George Syndrome (Cyto +
FISH)",,6500,Peripheral blood,,7-10 days,MICROBIOLOGY,,,,
Di-George Syndrome (FISH),,4100,"Peripheral blood/Amniotic ?uid /
Chorionic villi / Cord blood",,5-6 days,MICROBIOLOGY,,,,
"DMD carrier screening (79
Exons)",,11000,Peripheral blood,,10-12 days,MICROBIOLOGY,,,,
DMD mutation screening (79 Exons) [Prenatal],,15000,Amniotic ?uid/ Chorionic villi/ Cord Blood,,12-15 days,MICROBIOLOGY,,,,
"DMD/BMD mutation
screening (26 exons)",,5000,Peripheral blood,,4-5 days,MICROBIOLOGY,,,,
"DMD/BMD mutation screening (26 exons)
[Prenatal]",,7000,Amniotic ?uid/ Chorionic villi/ Cord blood,,4-5 days,MICROBIOLOGY,,,,
"DNA Ploidy & S- Phase,
Leukemia (Flowcytometry)- DNA Ploidy & S- Phase",,2400,Bone Marrow / Peripheral blood,,1 day,MICROBIOLOGY,,,,
"DNA Ploidy & S- Phase, Solid Tumours (Flowcytometry)-DNA Ploidy
& S- Phase",,2400,Bone Marrow / Peripheral blood,,1 day,MICROBIOLOGY,,,,
Double Marker,,2400,Serum                                   assay,,2-3 days,MICROBIOLOGY,,,,
Dystonia Gene Panel,,35000,Amniotic ?uid/ Chorionic villi/ Peripheral blood,,4-6 weeks,MICROBIOLOGY,,,,
E2A (ALL),,4100,Bone Marrow / Peripheral blood,,5-6 days,MICROBIOLOGY,,,,
"E2A t(1;19)(q23;p13)
Qualitative",,4100,"Bone marrow / Peripheral blood
(Transport immediately)",,3-4 days,MICROBIOLOGY,,,,
Early Infantile Epileptic Encephalopathy Gene Panel,,35000,Amniotic ?uid/ Chorionic villi/ Peripheral blood,,4-6 weeks,MICROBIOLOGY,,,,
Endocrine Cancer Gene Panel,,25000,Peripheral blood,,4-6 weeks,MICROBIOLOGY,,,,
"Eosinophilic Leukemia Panel(FISH PDGFRA,PDGFRB,FGFR1,I
NV[16])",,14000,Bone marrow/ Peripheral blood (Transport immediately),,5-7 days,MICROBIOLOGY,,,,
"Epidermal Growth Factor Receptor Mutation Analysis (EGFR - Exon 18, 19, 20, 21)",,8000,Tumor tissue,,7-8 days,MICROBIOLOGY,,,,
"Epstein Barr Virus Qualitative
PCR",,2500,Peripheral blood/ Serum/ Plasma,,2-3 days,MICROBIOLOGY,,,,
"Epstein Barr Virus
Quantitative PCR",,4500,Peripheral blood/ Serum/ Plasma,,2-3 days,MICROBIOLOGY,,,,
"Erythropoetin receptor gene
Mutation Analysis",,7000,Peripheral blood,,7-8 days,MICROBIOLOGY,,,,
"EWSR1 gene (Ewing's
sarcoma)",,6000,Tumor tissue,,7-8 days,MICROBIOLOGY,,,,
"Extended AML Panel (BCR/ABL,AML/ETO, INV[16], PML/RARA, FLT3,
NPM1, CEBPA",,24000,Bone marrow / Peripheral blood (Transport immediately),,7-8 days,MICROBIOLOGY,,,,
"FACTOR II Mutation
Screening (F2 - G20210A)",,4000,Peripheral blood,,3-4 days,MICROBIOLOGY,,,,
"FACTOR V Mutation
Screening (F5 - G1691A)",,4000,Peripheral blood,,3-4 days,MICROBIOLOGY,,,,
Familial Mediterranean Fever: MEFV full gene Analysis,,35000,Peripheral blood,,4-6 weeks,MICROBIOLOGY,,,,
Fetal blood for Karyotyping,,3500,Peripheral blood/Fetal blood,,7-9 days,MICROBIOLOGY,,,,
FGFR3/IgH (MM),,4100,Bone Marrow / Peripheral blood,,5-6 days,MICROBIOLOGY,,,,
Final Diagnostic Customised Panel (>10MARKERS)- LYMPHOMA/MUO/MSI,,6500,Tissue/ Paraf?n block,,5 days,MICROBIOLOGY,,,,
FINE NEEDLE ASPIRATION CYTOLOGY- EFFUSION CYTOLOGY+CELL BLOCK,,1800,FNAC  slides,,2 days,MICROBIOLOGY,,,,
FINE NEEDLE ASPIRATION CYTOLOGY- PREPARED 6 SLIDES,,1500,FNAC slides,,2 days,MICROBIOLOGY,,,,
FINE NEEDLE ASPIRATION CYTOLOGY- PROCEDURE WITH REPORTING,,2000,FNAC slides,,2 days,MICROBIOLOGY,,,,
FINE NEEDLE ASPIRATION CYTOLOGY- SLIDE FOR REVIEW 12-18 SLIDES,,2100,FNAC  slides,,3 days,MICROBIOLOGY,,,,
FINE NEEDLE ASPIRATION CYTOLOGY- SLIDE FOR REVIEW 18-24 SLIDES,,2400,FNAC  slides,,3 days,MICROBIOLOGY,,,,
FINE NEEDLE ASPIRATION CYTOLOGY- SLIDE FOR REVIEW 24-30 SLIDES,,2700,FNAC slides,,3 days,MICROBIOLOGY,,,,
FINE NEEDLE ASPIRATION CYTOLOGY- SLIDE FOR REVIEW 30-35 SLIDES,,3000,FNAC  slides,,3 days,MICROBIOLOGY,,,,
FINE NEEDLE ASPIRATION CYTOLOGY- SLIDE FOR REVIEW 6-12 SLIDES,,1800,FNAC slides,,2 days,MICROBIOLOGY,,,,
"FLT3 (ITD, D835Y) Mutation
Detection",,6000,"Bone marrow / Peripheral blood
(Transport immediately)",,3-4 days,MICROBIOLOGY,,,,
FLT3/ITD Allelic Ratio,,6000,"Bone marrow / Peripheral blood
(Transport immediately)",,8-10 days,MICROBIOLOGY,,,,
FLUID CYTOLOGY (URINE/CSF/CYTOLOGY),,1200,Fluid,,2 days,MICROBIOLOGY,,,,
"Fragile X Syndrome (FMR1)
detection by PCR",,4000,Peripheral blood,,3-4 days,MICROBIOLOGY,,,,
FROZEN-1,,3500,Tissue in normal saline,,30 Min,MICROBIOLOGY,,,,
FROZEN-2,,4000,Tissue in normal saline,,30 Min,MICROBIOLOGY,,,,
FROZEN-3,,4500,Tissue in normal saline,,30 Min,MICROBIOLOGY,,,,
"Gastro-Intestinal Cancer Gene
Panel",,25000,Peripheral blood,,4-6 weeks,MICROBIOLOGY,,,,
"GATA2 Full length gene sequencing (Chronic Neutropenia, MonoMac Syndrome, Mylodysplasia,
AML)",,16000,Bone Marrow/Peripheral Blood,,15 days,MICROBIOLOGY,,,,
"Glioma Panel(MGMT, IDH1&2, FISH 1p19q) (MLPA + FISH + Sanger
Sequencing)",,24000,Tumor tissue,,3-4 weeks,MICROBIOLOGY,,,,
Glucose-6-Phosphate Dehydrogenase (G6PD) full length gene sequence analysis,,25000,Peripheral blood/Amniotic Fluid/ Chorionic villi/ Cord blood,,4-6 weeks,MICROBIOLOGY,,,,
Glycogen Storage Disorder Gene Panel,,35000,Amniotic ?uid/ Chorionic villi/ Peripheral blood,,4-6 weeks,MICROBIOLOGY,,,,
"Haemophilia A & B gene
Panel",,35000,Peripheral blood,,4-6 weeks,MICROBIOLOGY,,,,
"HbE (Hemoglobin E)
mutation screening",,3500,Peripheral blood,,3-4 days,MICROBIOLOGY,,,,
"HBOC Extended Panel
[Heriditary Breast And Ovarian Cancer]",,28000,Peripheral Blood,,4-6 weeks,MICROBIOLOGY,,,,
"Hemochromatosis Common Mutation Analysis in HFE Gene (H63D, S61C & C282Y)",,8000,Peripheral blood,,7-10 days,MICROBIOLOGY,,,,
Hemochromatosis HFE Full Gene Sequence Analysis,,25000,Peipheral blood,,4-6 weeks,MICROBIOLOGY,,,,
Hemoglobinb D Punjab(HbD) Mutation Study,,4000,Amniotic ?uid / Chorionic villi / Cord blood,,7-8 days,MICROBIOLOGY,,,,
"Hemophilia A Common Mutation Screening (Factor VIII Intron 22 and Intron 1
Inversion analysis)",,8000,Peripheral blood,,8-10 days,MICROBIOLOGY,,,,
"Hepatitis B Virus (HBV)
Genotype",,7000,Peripheral blood/Plasma/Serum,,5 days,MICROBIOLOGY,,,,
"Hepatitis C Virus (HCV)
Genotype",,6000,Peripheral blood/Plasma/Serum,,3 days,MICROBIOLOGY,,,,
"Hepatitis C Virus (HCV)
Qualitative PCR & HCV Genotyping combo",,12000,Peripheral blood/ Plasma/ Serum,,5 days,MICROBIOLOGY,,,,
"Her-2 Neu By FISH (Ca
Breast)",,9000,Tumor tissue,,7-8 days,MICROBIOLOGY,,,,
Hereditary persistence of fetal hemoglobin (HPFH),,4000,Amniotic ?uid / Chorionic villi / Cord blood,,7-8 days,MICROBIOLOGY,,,,
Hereditary Spastic Paraplegia Gene Panel,,35000,Amniotic ?uid/ Chorionic villi/ Peripheral blood,,4-6 weeks,MICROBIOLOGY,,,,
Herpes Simplex Virus Type 1 & Type 2 (HSV 1 & 2) Qualitative PCR,,3000,Peripheral blood/ Plasma/ Serum/ CSF/ Swab/ Amniotic ?uid / Cord Blood,,2-3 days,MICROBIOLOGY,,,,
"HLA A, B, C, DRB1, DQB1
(Any One) [Low Resolution]",,3500,Peripheral blood/ Buccal swabs (6-8 no.),,3-4 days,MICROBIOLOGY,,,,
"HLA A, B, C, DRB1,
DQB1[Low Resolution]",,15000,"Peripheral blood/ Buccal swabs (6-8
no.)",,3-4 days,MICROBIOLOGY,,,,
"HLA A, B, DRB1 [Low
Resolution]",,10000,Peripheral blood/ Buccal swabs (6-8 no.),,3-4 days,MICROBIOLOGY,,,,
HLA B27,,2000,Peripheral blood,,3-4 days,MICROBIOLOGY,,,,
"HLA-B?1502 Genotyping
(Carbamazepine)",,3500,Peripheral blood,,7-10 days,MICROBIOLOGY,,,,
"HLA-B?57:01 Genotyping
(for Abacavir
Hypersensitivity)",,2000,Peripheral blood,,3 days,MICROBIOLOGY,,,,
"HLA-DRB1?1501
Genotyping (Multiple
Sclerosis)",,3500,Peripheral blood,,7-10 days,MICROBIOLOGY,,,,
"HLA A, B, C, DRB1, DQB1,DPB1  [High
Resolution]",,18000,Peripheral blood/ Buccal swabs (4-6 no.),,10-12 days,MICROBIOLOGY,,,,
"HLA A, B, DRB1 [High
Resolution]",,13000,"Peripheral blood/ Buccal swabs (4-6
no.)",,10-12 days,MICROBIOLOGY,,,,
"Human Papilloma Virus
(HPV) Genotype",,4000,Cervical swab,,4-5 days,MICROBIOLOGY,,,,
"Human Papiloma Virus
(HPV) Qualitative PCR",,2000,"Cervical swab, FFPE Tissue blocks",,2-3 days,MICROBIOLOGY,,,,
"Huntington Disease (HD)
mutation screening",,4000,Peripheral blood,,3-4 days,MICROBIOLOGY,,,,
Iamp (21),,4100,Bone Marrow / Peripheral blood,,5-6 days,MICROBIOLOGY,,,,
"IDH1 & IDH2 Mutation
Analysis",,9500,Tumor tissue,,7-8 days,MICROBIOLOGY,,,,
IgH (MM),,4100,Bone Marrow / Peripheral blood,,5-6 days,MICROBIOLOGY,,,,
IGVH Mutation load,,5000,"Bone marrow / Peripheral blood
(Transport immediately)",,9-10 days,MICROBIOLOGY,,,,
"IHC ANY SINGLE MARKER(HER2NEU/C4D/
EBER/Ki67)",,3000,Tissue/  Paraf?n  block,,3 days,MICROBIOLOGY,,,,
"IHC
ER+PR+HER2NEU+KI67",,4000,Tissue,,6 days,MICROBIOLOGY,,,,
IHC ER-PR,,2000,Tissue/    Paraf?n   block,,3 days,MICROBIOLOGY,,,,
"IHC ER-PR,HER2NEU",,3000,Tissue/ Paraf?n block,,3 days,MICROBIOLOGY,,,,
IHC UPTO 5 MARKERS,,6500,Tissue/ Paraf?n block,,5 days,MICROBIOLOGY,,,,
Inv(16) (AML),,4100,Bone Marrow / Peripheral blood,,5-6 days,MICROBIOLOGY,,,,
Irnotecan Toxicity Assessment (UGT1A1 Genotyping)/ Gilbert Syndrome,,6500,Peripheral Blood,,7-8 days,MICROBIOLOGY,,,,
"Jak 2 Mutation Detection
Panel (Exons 12-15)",,7000,Bone Marrow/Peripheral Blood,,7-8 days,MICROBIOLOGY,,,,
"Jak 2 Mutation Detection
Panel (Exons 12)",,6000,Bone Marrow/Peripheral Blood,,7-8 days,MICROBIOLOGY,,,,
"JAK2 Gene (V617F)
Quantitative",,6000,"Bone marrow / Peripheral blood
(Transport immediately)",,3-4 days,MICROBIOLOGY,,,,
"Karyotyping For Detection of
Fragile X Syndrome",,6000,Peripheral blood,,7-10 days,MICROBIOLOGY,,,,
"KRAS Mutation Screening
(Codons 12 & 13)",,8000,Tumor tissue,,7-8 days,MICROBIOLOGY,,,,
"KRAS,NRAS",,12000,Tumor tissue,,6-7days,MICROBIOLOGY,,,,
"Leigh Syndrome & Mitochondrial
Encephalopathy Gene Panel",,35000,Amniotic ?uid/ Chorionic villi/ Peripheral blood,,4-6 weeks,MICROBIOLOGY,,,,
Liquid Biopsy 52 gene panel,,48000,Peripheral blood,,25 days,MICROBIOLOGY,,,,
"Liquid Bx. Cell Free  EGFR [T790M,L858R, Exon 19
deletion]",,22000,Peripheral Blood,,10 days,MICROBIOLOGY,,,,
Liquid Bx. Cell Free BRAF,,14000,Peripheral Blood,,10 days,MICROBIOLOGY,,,,
Liquid Bx. Cell Free KRAS,,14000,Peripheral Blood,,10 days,MICROBIOLOGY,,,,
"Liquid Bx. Cell Free PAN
RAS  (KRAS,NRAS)",,25000,Peripheral Blood,,10 days,MICROBIOLOGY,,,,
"Lung Cancer Panel 1 [EGFR,
ALK1]",,15000,Tumor tissue,,5-7 days,MICROBIOLOGY,,,,
"Lung Cancer Panel 2
[EGFR,ALK1,ROS1]",,24000,Tumor tissue,,6-7days,MICROBIOLOGY,,,,
"Lung Cancer Panel 3
[EGFR,ALK1,ROS1,MET]",,28000,Tumor tissue,,6-7days,MICROBIOLOGY,,,,
"Lung Cancer Panel 4 [EGFR,ALK1,ROS1,MET,P
DL1]",,32000,Tumor tissue,,5-7 days,MICROBIOLOGY,,,,
"Lung Cancer Panel 5 (EGFR,KRAS,BRAF,ALK1,
ROS1)",,32000,Tumor tissue,,6-7days,MICROBIOLOGY,,,,
"Lung Cancer Panel 6 [EGFR
by Sequencing,ALK by IHC, ROS1 by FISH]",,22000,Tumor tissue,,5-7 days,MICROBIOLOGY,,,,
"Lung Cancer Panel 7 (EGFR,BRAF,ALK1,ROS1,
MET)",,24000,Tumor tissue,,6-7days,MICROBIOLOGY,,,,
"Lung Cancer Panel 8 (EGFR,BRAF,ALK,ROS,
MET,PDL1)",,30000,Tumor tissue,,6-7days,MICROBIOLOGY,,,,
Lysosomal Storage Disorder Gene Panel,,35000,Amniotic ?uid/ Chorionic villi/ Peripheral blood,,4-6 weeks,MICROBIOLOGY,,,,
MAF/IgH (MM),,4100,Bone Marrow / Peripheral blood,,5-6 days,MICROBIOLOGY,,,,
Maternal Cell contamination,,4000,Amniotic ?uid / Cord Blood/Chorionic villi,,2-3 days,MICROBIOLOGY,,,,
"Maturity-Onset Diabetes of the Young (MODY) Gene
Panel",,35000,Amniotic ?uid/ Chorionic villi/ Peripheral blood,,4-6 weeks,MICROBIOLOGY,,,,
MDM2,,8000,Tumor tissue,,7-8 days,MICROBIOLOGY,,,,
"MDS FISH PANEL [FISH
[del(5q), del(7q), del(20q)]",,7500,"Bone marrow/ Peripheral blood
(Transport immediately)",,5-7 days,MICROBIOLOGY,,,,
"MDS PANEL (Cytogenetics + FISH [del(5q), del(7q),
del(20q)])",,9000,Bone marrow/ Peripheral blood (Transport immediately),,5-7 days,MICROBIOLOGY,,,,
"MECP2 Full Gene Mutation
Analysis (RETT Syndrome)",,10000,Peripheral blood,,8-10 days,MICROBIOLOGY,,,,
Melanoma/Skin Tumors,,25000,Peripheral blood,,4-6 weeks,MICROBIOLOGY,,,,
MET Ampli?cation (NSCLC),,9000,Tumor tissue,,7-8 days,MICROBIOLOGY,,,,
Metabolic Disorder Gene Panel,,35000,Amniotic ?uid/ Chorionic villi/ Peripheral blood,,4-6 weeks,MICROBIOLOGY,,,,
"Methylenetetrahydrofolate Reductase (MTHFR - 2
Variants C677T, A1298C)",,4000,Peripheral blood,,3-4 days,MICROBIOLOGY,,,,
"Methylenetetrahydrofolate Reductase (MTHFR), FACTOR V (F5), FACTOR II
(F2)",,8000,Peripheral blood,,3-4 days,MICROBIOLOGY,,,,
m-FISH,,15000,Bone Marrow / Peripheral blood,,10-15 days,MICROBIOLOGY,,,,
MGMT Methylation Assay,,8000,Tumor tissue,,15-16 days,MICROBIOLOGY,,,,
Microarray 180K (AF/CVS/CB/POC/PB),,19000,Amniotic ?uid/ Chorionic villi/Products of Conception/Cord blood/Peripheral blood,,15-20 days,MICROBIOLOGY,,,,
Microarray 315K (AF/CVS/CB/POC/PB),,11000,Amniotic ?uid/ Chorionic villi/Products of Conception/Cord blood/Peripheral blood,,15-20 days,MICROBIOLOGY,,,,
Microarray 315K+ Single Karyotyping (AF/CVS/CB/POC/PB),,12000,Amniotic ?uid/ Chorionic villi/Products of Conception/Cord blood/Peripheral blood,,15-20 days,MICROBIOLOGY,,,,
"Microarray 60K (AF/CVS) +
Karyotyping",,15000,Amniotic ?uid/ Chorionic villi,,15-20 days,MICROBIOLOGY,,,,
"Microarray 60K (AF/CVS) + Karyotyping + FISH
chromosome 21",,17000,Amniotic ?uid/ Chorionic villi,,15-20 days,MICROBIOLOGY,,,,
"Microarray 60K
(AF/CVS/CB)",,13000,"Amniotic ?uid/ Chorionic villi/Cord
blood",,15-20 days,MICROBIOLOGY,,,,
"Microarray 60K (AF/CVS/CB) + Karyotyping
+ FISH chromosome 13,18,21, X and Y",,20000,Amniotic ?uid/ Chorionic villi,,15-20 days,MICROBIOLOGY,,,,
"Microarray 60K (Peripheral
Blood/Cord Blood/Fetal Blood) + Karyotyping",,15000,Peripheral blood,,7-10 days,MICROBIOLOGY,,,,
Microarray 60K (POC),,9000,Products of Conception,,15-20 days,MICROBIOLOGY,,,,
Microarray 60K (POC) + Couple Karyotyping,,12000,"Products of Conception, Peripheral blood of parents",,15-20 days,MICROBIOLOGY,,,,
Microarray 60K (POC)+ Single Karyotying,,10000,"Products of Conception, Peripheral blood of parents",,15-20 days,MICROBIOLOGY,,,,
Microarray 750K (AF/CVS/CB/POC/PB),,16000,Amniotic ?uid/ Chorionic villi/Products of Conception/Cord blood/Peripheral blood,,15-20 days,MICROBIOLOGY,,,,
Microarray 750K+ Karyotyping (AF/CVS/CB/POC/PB),,18000,Amniotic ?uid/ Chorionic villi/Products of Conception/Cord blood/Peripheral blood,,15-20 days,MICROBIOLOGY,,,,
Microcephaly Gene Panel,,35000,Amniotic ?uid/ Chorionic villi/ Peripheral blood,,4-6 weeks,MICROBIOLOGY,,,,
"Microdeletion Syndrome Panel  [23 genes Deletion/duplication by
MLPA",,7500,Amniotic ?uid/ Chorionic villi/ Cord Blood,,12-15 days,MICROBIOLOGY,,,,
Microsatellite Instability (Lynch Syndrome/Colorectal Cancer),,20000,Tumor tissue & Peripheral Blood,,7-8 days,MICROBIOLOGY,,,,
MLC1 Gene Mutation Analysis (Agrawal Mutation),,6000,Peripheral blood/Amniotic Fluid/ Chorionic villi/ Cord blood,,7-8 days,MICROBIOLOGY,,,,
MLH1 methylation Assay,,7000,Tumor tissue,,15-16 days,MICROBIOLOGY,,,,
"MLL (AML, ALL)",,4100,Bone Marrow / Peripheral blood,,5-6 days,MICROBIOLOGY,,,,
"MLL t(4;11)(q21;q23)
Qualitative",,4100,"Bone marrow / Peripheral blood
(Transport immediately)",,3-4 days,MICROBIOLOGY,,,,
"MM FISH PANEL [FISH
[del(11q), del(13q), IgH, del(17p)]",,10500,Bone marrow/ Peripheral blood (Transport immediately),,5-7 days,MICROBIOLOGY,,,,
"MM PANEL (Cytogenetics + FISH [del(11q), del(13q),
IgH, del(17p)]",,12000,Bone marrow/ Peripheral blood (Transport immediately),,5-7 days,MICROBIOLOGY,,,,
MPZ Full Length Gene Sequence Analysis (Charcot- Maria-Tooth Disease),,20000,Peripheral blood/Amniotic Fluid/ Chorionic villi/ Cord blood,,4-6 weeks,MICROBIOLOGY,,,,
"Multiplex Panel (Cytogenetics & PCR for 28 translocations & 80 breakpoints) (CML, AML, ALL)",,14000,Bone marrow / Peripheral blood (Transport immediately),,5-7 days,MICROBIOLOGY,,,,
Muscular Dystrophy Gene Panel,,35000,Amniotic ?uid/ Chorionic villi/ Peripheral blood,,4-6 weeks,MICROBIOLOGY,,,,
Mycobacterium Tuberculosis Qualitative PCR,,1800,"CSF/EMT/Tissue/Knee Aspirate Fluid/ Pleural Fluid/ Ascitic Fluid/ PUS/ Sputum, BAL Fluid, Menstural Blood, Cervical Fluid/ Synovial Fluid",,3-4 days,MICROBIOLOGY,,,,
MYD88 gene Mutation Analysis,,7000,Peripheral blood/Tumor tissue,,7-8 days,MICROBIOLOGY,,,,
Myeloproliferative Leukemia Mutation Screening (MPL - S505N; W515L),,5500,Bone Marrow/Peripheral Blood,,7-8 days,MICROBIOLOGY,,,,
"Myeloproliferative Neoplasia (MPN) Panel (BCRQLT,JAK2PANEL,CA
LR, MPL)",,15000,Bone marrow / Peripheral blood (Transport immediately),,7-8 days,MICROBIOLOGY,,,,
MYEOV/IgH (MM),,4100,Bone Marrow / Peripheral blood,,5-6 days,MICROBIOLOGY,,,,
"Nervous system Cancer Gene
Panel",,25000,Peripheral blood,,4-6 weeks,MICROBIOLOGY,,,,
Neuronal Ceroid Lipofuscinosis Gene Panel,,35000,Amniotic ?uid/ Chorionic villi/ Peripheral blood,,4-6 weeks,MICROBIOLOGY,,,,
N-Myc oncogene,,7000,Tumor tissue,,7-8 days,MICROBIOLOGY,,,,
"Non-invasive Prenatal testing
(NIPT)",,20000,Peripheral blood (10ml),,10-15 days,MICROBIOLOGY,,,,
"NPM1 Gene Fragment
Analysis",,7000,Bone Marrow/Peripheral Blood,,7-8 days,MICROBIOLOGY,,,,
"NPM1 Mutation Analysis
(Exon 12 insertion)",,6000,Bone Marrow/Peripheral Blood,,7-8 days,MICROBIOLOGY,,,,
NPM1+CEBPA,,9000,Peripheral blood,,5-7 days,MICROBIOLOGY,,,,
NPM1+FLT3,,8000,Peripheral blood,,5-7 days,MICROBIOLOGY,,,,
NPM1+FLT3+CEBPA,,13000,Peripheral blood,,5-7 days,MICROBIOLOGY,,,,
"NRAS Mutation Analysis
(codons 12 & 13)",,7500,Tumor tissue,,7-8 days,MICROBIOLOGY,,,,
"NUDT15 gene Mutation
Analysis",,6500,Peripheral blood,,7-8 days,MICROBIOLOGY,,,,
"Oncomine Breast cfTNA
Assay",,38000,Peripheral blood (10 ml.),,2-3 weeks,MICROBIOLOGY,,,,
"Oncomine Lung cfTNA Lung
Cancer Panel",,48000,Peripheral blood (10 ml.),,2-3 weeks,MICROBIOLOGY,,,,
"Oncomine Comprehensive
Assay",,45000,Tumor tissue,,2-3 weeks,MICROBIOLOGY,,,,
"Oncomine Comprehensive Plus panel [inclusive
MSI+TMB+PDL1]",,130000,Tumor tissue,,2-3 weeks,MICROBIOLOGY,,,,
Oncomine Comprehensive Panel + Oncomine Tumor mutation burden (TMB) + MSI,,91000,Tumor tissue + Peripheral Blood,,3-4 weeks,MICROBIOLOGY,,,,
"Oncomine Comprehensive Panel + Oncomine Tumor mutation burden (TMB)+ MSI
+ PDL1",,98000,Tumor tissue + Peripheral Blood,,3-4 weeks,MICROBIOLOGY,,,,
Oncomine Focus Panel,,36000,Tumor tissue                   issue,,2-3 weeks,MICROBIOLOGY,,,,
"Oncomine Focus Panel +
PDL1",,44000,Tumor tissue,,20-25 days,MICROBIOLOGY,,,,
"Oncomine Myeloid Panel [MDS,MPN,AML,CML,CM
ML,JMML]",,38000,Bone marrow / Peripheral blood,,2-3 weeks,MICROBIOLOGY,,,,
Oncomine Solid Tumor DNA,,32000,Tumor tissue                       ed tissue,,2-3 weeks,MICROBIOLOGY,,,,
"Oncomine Solid Tumor RNA
Fusion panel",,32000,Tumor tissue,,2-3 weeks,MICROBIOLOGY,,,,
Oncomine Tumor mutation burden (TMB),,36000,Tumor tissue,,2-3 weeks,MICROBIOLOGY,,,,
"Oncomine Tumor mutation burden (TMB) + Microsatellite Instability
(MSI)",,42000,Tumor tissue + Peripheral Blood,,3-4 weeks,MICROBIOLOGY,,,,
Pancreatitic mutation panel,,9000,Peripheral blood,,8-10 days,MICROBIOLOGY,,,,
"Parvovirus B19 Qualitative
PCR",,3200,Peripheral blood,,2-3 days,MICROBIOLOGY,,,,
"Paternity testing-Autosomal
STR (Fragment Analysis)",,10000,Peripheral blood,,10-15 days,MICROBIOLOGY,,,,
"PDGFR Mutation Screening (Exons 12, 14, 18)",,9000,Tumor tissue,,7-8 days,MICROBIOLOGY,,,,
"PDGFR + Ckit (Gastrointestinal Stromal
Tumors)",,10000,Tumor tissue,,7-8 days,MICROBIOLOGY,,,,
PDGFRÃ (CMML),,4100,Bone Marrow / Peripheral blood,,5-6 days,MICROBIOLOGY,,,,
PDGFR? (HES),,4100,Bone Marrow / Peripheral blood,,5-6 days,MICROBIOLOGY,,,,
PDL1 [Ventana Roche SP263 Clone],,8000,Blocks,,6 days,MICROBIOLOGY,,,,
PDL1 [DAKO],,28000,Tumor tissue,,7-8 days,MICROBIOLOGY,,,,
"Ped. ALL Panel - Karyotyping
+ MLPA Deletion/Duplication",,6000,Bone Marrow / Peripheral blood,,7-10 days,MICROBIOLOGY,,,,
"Ped. ALL Panel - Karyotyping
+ MLPA Deletion/Duplication
+ FISH Panel",,12000,Bone Marrow / Peripheral blood,,7-10 days,MICROBIOLOGY,,,,
"Peripheral blood for High
resolution karyotyping (COUPLE)",,6000,Peripheral blood,,7-9 days,MICROBIOLOGY,,,,
"Peripheral blood for High
resolution karyotyping (SINGLE)",,4000,Peripheral blood,,7-9 days,MICROBIOLOGY,,,,
"Peripheral blood for
karyotyping (COUPLE)",,5000,Peripheral blood,,7-9 days,MICROBIOLOGY,,,,
Peripheral blood for karyotyping (SINGLE),,3000,Peripheral blood,,7-9 days,MICROBIOLOGY,,,,
"PIK3CA Mutation Analysis
(Exon 7, 9 & 20)",,10000,Tumor tissue,,7-8 days,MICROBIOLOGY,,,,
"Plasmcytosis  (Multiple
Myeloma Panel)",,9000,Bone Marrow,,1-2 days,MICROBIOLOGY,,,,
"PML/RARA (AML - M3
[APML])",,4100,Bone Marrow / Peripheral blood,,5-6 days,MICROBIOLOGY,,,,
"PML/RARA Qualitative [bcr
1 & 3]",,4500,"Bone marrow / Peripheral blood
(Transport immediately)",,3-4 days,MICROBIOLOGY,,,,
"PML/RARA Quantitative
[Single form]",,5500,"Bone marrow / Peripheral blood
(Transport immediately)",,3-4 days,MICROBIOLOGY,,,,
"PNH Comprehensive Work Up  (Flowcytometry)-Flaer, CD14, CD15, CD24,
CD45,CD59, CD64, GlY-A",,4500,Peripheral blood,,1 day,MICROBIOLOGY,,,,
Polycystic Kidney Disease Gene Panel,,35000,Amniotic ?uid/ Chorionic villi/ Peripheral blood,,4-6 weeks,MICROBIOLOGY,,,,
"Prader-Willi Syndrome
(Karyotyping  + FISH)",,6500,Peripheral blood,,7-10 days,MICROBIOLOGY,,,,
Prader-Willi Syndrome (FISH),,4100,Peripheral blood/Amniotic ?uid / Chorionic villi / Cord blood,,5-6 days,MICROBIOLOGY,,,,
"Pre-implantation Genetic Disorder/PGD (Single
Embryo)",,18000,Trophectoderm,,15-20 days,MICROBIOLOGY,,,,
"Pre-implantation Genetic Disorder/PGD (Single Embryo) with maternal DNA
contamination check",,25000,Trophectoderm,,15-20 days,MICROBIOLOGY,,,,
"Pre-implantation Genetic Disorder/PGD (Single gene
Disorder)-Baseline",,300,Peripheral blood of parents and affected child,,15-20 days,MICROBIOLOGY,,,,
"Pre-implantation Genetic
Disorder/PGD HLA Typing (Single Embryo)",,20000,Trophectoderm,,15-20 days,MICROBIOLOGY,,,,
Pre-implantation Genetic Screening /PGS (per embryo),,8000,Blastocyst/Trophectoderm,,1-2 days,MICROBIOLOGY,,,,
"Cystic Fibrosis mutation screening (CFTR - Del 508)
[Prenatal]",,7000,Amniotic ?uid / Chorionic villi / Cord blood,,7-8 days,MICROBIOLOGY,,,,
Prenatal Diagnostic Screening by Karyotyping,,8000,Amniotic ?uid / Bits of Chorionic tissue,,20-25 days,MICROBIOLOGY,,,,
"Prenatal Diagnostic Screening by Karyotyping + FISH (for any one 13, 18, 21, X and Y)",,10000,Amniotic ?uid / Bits of Chorionic tissue,,20-25 days,MICROBIOLOGY,,,,
"Prenatal Diagnostic Screening by Karyotyping + FISH for 13, 18, 21, X and Y",,12000,Amniotic ?uid / Bits of Chorionic tissue,,20-25 days,MICROBIOLOGY,,,,
HbE (Hemoglobin E) Mutation Screening [Prenatal],,4000,Amniotic ?uid / Chorionic villi / Cord blood,,3-4 days,MICROBIOLOGY,,,,
Products of Conception (POC) for Karyotyping,,4000,Bits of Placental tissue,,15-20 days,MICROBIOLOGY,,,,
Prostate Cancer Gene Panel,,25000,Peripheral blood,,4-6 weeks,MICROBIOLOGY,,,,
Protein C and Protein S functional Assay,,7500,Peripheral blood,,1 day,MICROBIOLOGY,,,,
QF PCR [any one marker],,2500,Amniotic ?uid/ Chorionlliic/ vCiord Blood,,1-2 days,MICROBIOLOGY,,,,
QF PCR [any one marker]+ Karyotyping,,7000,Amniotic ?uid/ Chorionic villi/ Cord Blood,,1-2 days/12-15 days,MICROBIOLOGY,,,,
"QF PCR Panel [13,18,21,XY]",,4000,Amniotic ?uid/ Chorionic villi/ Cord Blood,,1-2 days,MICROBIOLOGY,,,,
"QF PCR Panel [13,18,21,XY] + Karyotyping",,8000,Amniotic ?uid/ Chorionic villi/ Cord Blood,,1-2 days/12-15 days,MICROBIOLOGY,,,,
"RB1 gene deletion &
duplication detection (Retinoblastoma)",,7000,Peripheral blood,,8-10 days,MICROBIOLOGY,,,,
Renal Cancer Gene Panel,,25000,Peripheral blood,,4-6 weeks,MICROBIOLOGY,,,,
"Replication Factor C1 Mutation Screening (RFC1 -
80G>A)",,3500,Peripheral blood,,3-4 days,MICROBIOLOGY,,,,
RET (NSCLC),,8000,Tumor tissue,,7-8 days,MICROBIOLOGY,,,,
Retinal Degeneration Gene Panel,,35000,Amniotic ?uid/ Chorionic villi/ Peripheral blood,,4-6 weeks,MICROBIOLOGY,,,,
RETT Syndrome deletion & duplication detection,,7000,Peripheral blood,,8-10 days,MICROBIOLOGY,,,,
REVIEW OF >20 SLIDE AND BLOCK,,5000,Slides/  Blocks,,6 days,MICROBIOLOGY,,,,
REVIEW OF 1 SLIDE AND BLOCK,,1500,Slides/ Blocks,,3 days,MICROBIOLOGY,,,,
REVIEW OF 10-15 SLIDE AND,,3200,Slides/Blocks,,6 days,MICROBIOLOGY,,,,
REVIEW OF 15-20 SLIDE AND BLOCK,,3500,Slides/Blocks,,6 days,MICROBIOLOGY,,,,
REVIEW OF 2 SLIDE AND BLOCK,,1800,Slides/Blocks,,3 days,MICROBIOLOGY,,,,
REVIEW OF 3 SLIDE AND BLOCK,,2000,Slides/Blocks,,3 days,MICROBIOLOGY,,,,
REVIEW OF 4-6 SLIDE AND BLOCK,,2500,Slides/ Blocks,,3 days,MICROBIOLOGY,,,,
REVIEW OF 7-9 SLIDE AND BLOCK,,3000,Slides/ Blocks,,6 days,MICROBIOLOGY,,,,
ROS 1 (NSCLC),,9000,Tumor tissue,,7-8 days,MICROBIOLOGY,,,,
Rubella Qualitative PCR,,1400,"Peripheral blood/ Plasma/ Serum/
Amniotic ?uid / Cord Blood",,2-3 days,MICROBIOLOGY,,,,
"RUNX1-RUNX1T1 (AML1-
ETO) t(8;21) Qualitative",,4500,Bone marrow / Peripheral blood (Transport immediately),,3-4 days,MICROBIOLOGY,,,,
"RUNX1-RUNX1T1 (AML1-
ETO) t(8;21) Quantitative",,5500,Bone marrow / Peripheral blood (Transport immediately),,3-4 days,MICROBIOLOGY,,,,
"Sickle Cell Disease Mutation
Screening",,3500,Peripheral blood,,3-4 days,MICROBIOLOGY,,,,
Sickle Cell Mutation Screening[Prenatal],,4000,Amniotic ?uid / Chorionic villi / Cord blood,,3-4 days,MICROBIOLOGY,,,,
"Solid tumor Combo1 [EGFR,ALK1,ROS1,MET,P DL1]",,37000,Tumor tissue,,10 days,MICROBIOLOGY,,,,
"Solid tumor Combo2 [MSI,NRAS,KRAS,BRAF,H
RAS]",,34000,Tumor tissue+Peripheral blood,,10 days,MICROBIOLOGY,,,,
Sperm DNA Fragmentation,,4000,Semen,,3-4 days,MICROBIOLOGY,,,,
"Spinal Muscular Atrophy
Carrier testing",,7500,Peripheral blood,,4-5 days,MICROBIOLOGY,,,,
Spinal Muscular Atrophy screening by MLPA [Prenatal],,7500,Amniotic ?uid / Chorionic villi / Cord blood,,4-5 days,MICROBIOLOGY,,,,
Spinal Muscular Atrophy Gene Panel,,35000,Amniotic ?uid/ Chorionic villi/ Peripheral blood,,4-6 weeks,MICROBIOLOGY,,,,
"Spino Cerebral ataxia (SCA -
Single form)",,2500,Peripheral blood,,5-7 days,MICROBIOLOGY,,,,
"Spino Cerebral Ataxia (SCA Panel - 1, 2, 3, 6, 7, 10 & 12)",,10000,Peripheral blood,,5-7 days,MICROBIOLOGY,,,,
Synovial Sarcoma [SS18],,5000,Tumor tissue,,7-8 days,MICROBIOLOGY,,,,
Targeted mutation Analysis (1 mutation),,8000,"Peripheral blood/ Plasma/ Serum/
Amniotic ?uid / Cord Blood/Chorionic villi",,15-20 days,MICROBIOLOGY,,,,
Targeted mutation Analysis (2 mutations),,12000,"Peripheral blood/ Plasma/ Serum/ Amniotic ?uid / Cord
Blood/Chorionic villi",,15-20 days,MICROBIOLOGY,,,,
Targeted mutation Analysis (more than 2 mutations),,15000,Peripheral blood/ Plasma/ Serum/ Amniotic ?uid / Cord Blood/Chorionic villi,,15-20 days,MICROBIOLOGY,,,,
TBX5 Full Length Gene Sequence Analysis (Holt- Oram Syndrome),,25000,Peripheral blood/Amniotic Fluid/ Chorionic villi/ Cord blood,,4-6 weeks,MICROBIOLOGY,,,,
TEL/AML (ALL),,4100,Bone Marrow / Peripheral blood,,5-6 days,MICROBIOLOGY,,,,
TEL/AML1 Qualitative,,4100,"Bone marrow / Peripheral blood
(Transport immediately)",,3-4 days,MICROBIOLOGY,,,,
TEL/AML1 Quantitative,,4000,"Bone marrow / Peripheral blood
(Transport immediately)",,3-4 days,MICROBIOLOGY,,,,
"Thiopurine Methyltransferase (TPMT - ?2, ?3A, ?3B, ?3C)
Genotyping",,6500,Peripheral blood,,7-8 days,MICROBIOLOGY,,,,
THIO-T/CONGO STAIN,,800,Tissue/Paraf?n block     Packed And,,3 days,MICROBIOLOGY,,,,
"Thrombophilia basic pro?le [Protein C-Functional, Protein S-Functional, Anti thrombin III Functional,Factor II (Prothrobin) gene mutation, MTHFR gene mutation, Factor V Leiden mutation]",,15950,Peripheral blood,,5 days,MICROBIOLOGY,,,,
"Thrombophilia CVT panel [Protein C&S, AT, Factor II (Prothrobin) gene mutation, MTHFR gene mutation, Factor V Leiden mutation, S Homocysteine, F VIII levels, PNH by FLAER/?ow, JAK2 exon 12-15 panel]",,25000,Peripheral blood,,5 days,MICROBIOLOGY,,,,
"Thrombophilia DVT panel [Protein C&S, AT, MTHFR gene mutation,Factor V Leiden mutation, Factor II (Prothrobin) gene mutation, S Homocysteine, F VIII levels,]",,20000,Peripheral blood,,5 days,MICROBIOLOGY,,,,
TORCH Panel Real Time PCR,,4000,Cord Blood/ Amniotic Fluid,,2-3 days,MICROBIOLOGY,,,,
Toxoplasma Qualitative PCR,,1400,Peripheral blood/ PlasmaS/erum/ Amniotic ?uid / Cord Blood,,2-3 days,MICROBIOLOGY,,,,
TRISOMY 12 (CLL),,4100,Bone Marrow / Peripheral blood,,5-6 days,MICROBIOLOGY,,,,
TRISOMY 8 (AML),,4100,Bone Marrow / Peripheral blood,,5-6 days,MICROBIOLOGY,,,,
TSC1 & TSC2 Gene Analysis,,35000,Amniotic ?uid/ Chorionicvilli/ Peripheral blood,,4-6 weeks,MICROBIOLOGY,,,,
Varicella Zoster Virus Qualitative PCR,,3000,Peripheral Blood,,2-3 days,MICROBIOLOGY,,,,
VNTR Chimerism Study [POST-BMT],,5000,Peripheral blood of Recepient after transplant & Peripheral blood of donor,,3-4 days,MICROBIOLOGY,,,,
VNTR Chimerism Study [PRE-BMT],,5000,Peripheral blood of Recepient before transplant & Peripheral blood of donor,,3-4 days,MICROBIOLOGY,,,,
"Warfarin therapeutic response predictive Assay (VKORC1 &
CYP2C9)",,4000,Peripheral blood,,3-4 days,MICROBIOLOGY,,,,
Whole Exome sequencing,,48000,Amniotic ?uid/ Chorionic villi/ Peripheral blood,,4-6 weeks,MICROBIOLOGY,,,,
"William's Syndrome
(Karyotyping+FISH)",,6500,Peripheral blood,,7-10 days,MICROBIOLOGY,,,,
William's Syndrome (FISH),,4100,Peripheral blood/Amniotic ?uid / Chorionic villi / Cord blood,,5-6 days,MICROBIOLOGY,,,,
"WS1 Full gene sequence Analysis (Wolfram Syndrome,
DIDMOAD)",,25000,Peripheral blood/Amniotic Fluid/ Chorionic villi/ Cord blood,,4-6 weeks,MICROBIOLOGY,,,,
"X & Y [Sex mismatch bone
marrow transplant]",,4100,Bone Marrow / Peripheral blood,,5-6 days,MICROBIOLOGY,,,,
X & Y Identi?cation,,5500,Peripheral blood          Vacutainer,,5-6 days,MICROBIOLOGY,,,,
"Y Chromosome Microdeletion
(16 Mutations)",,4500,Peripheral blood,,4-5 days,MICROBIOLOGY,,,,
AMNIOTIC FLUID CYTOLOGY,,900,Amniotic Fluid,,Daily,MICROBIOLOGY,,,,
ASCITIC FLUID For MALIGNANT CELLS,,900,SWAB,,Daily,MICROBIOLOGY,,,,
BAL FLUID For MALIGNANT CELL,,900,SWAB,,Daily,MICROBIOLOGY,,,,
Bone Marrow Aspiration,,2000,ASPIRATE,,Daily,MICROBIOLOGY,,,,
Bone Marrow Trephine Biopsy,,5000,ASPIRATE,,Daily,MICROBIOLOGY,,,,
CYST ASPERATE For MALIGNANT CELLS,,900,SWAB,,Daily,MICROBIOLOGY,,,,
FLUID For MALIGNANT CELL,,900,FLUIDS,,Daily,MICROBIOLOGY,,,,
Fnac - Ct Guided,,900,ASPIRATE,,Daily,MICROBIOLOGY,,,,
Fnac - U/s Guided-2,,900,ASPIRATE,,Daily,MICROBIOLOGY,,,,
FNAC BOTH TESTES,,900,FLUIDS,,Daily,MICROBIOLOGY,,,,
FNAC BREAST,,1000,ASPIRATE,,Daily,MICROBIOLOGY,,,,
FNAC REPORT,,1000,ASPIRATE,,Daily,MICROBIOLOGY,,,,
FNAC REPORT,,1000,ASPIRATE,,Daily,MICROBIOLOGY,,,,
FNAC REPORT B,,900,ASPIRATE,,Daily,MICROBIOLOGY,,,,
NIPPLE DISCHARGE CYTOLOGY,,900,DISCHARGE,,Daily,MICROBIOLOGY,,,,
ORAL SMEAR CYTOLOGY,,900,SCRAPPING-ORAL,,Daily,MICROBIOLOGY,,,,
PAP SMEAR (L.B.C.),,1200,Brush Cytology,,Daily,MICROBIOLOGY,,,,
PLEURAL FLUID FOR BIOCHEMISTRY,,600,None,,Daily,MICROBIOLOGY,,,,
PLEURAL FLUID For MALIGNANT CELLS,,900,SWAB,,Daily,MICROBIOLOGY,,,,
PLUERAL FLUID FOR CYTOLOGY,,900,None,,Daily,MICROBIOLOGY,,,,
PUS FOR CYTOLOGY,,900,FLUIDS,,Daily,MICROBIOLOGY,,,,
SEMEN For MALIGNANT CELL,,900,SEMEN,,Daily,MICROBIOLOGY,,,,
SPUTUM For MALIGNANT CELL,,1000,SPUTUM,,Daily,MICROBIOLOGY,,,,
SYNOVIAL FLUID For MALIGNANT CELLS,,900,SWAB,,Daily,MICROBIOLOGY,,,,
TONGUE SCRAPPING For MALIGNANT CELLS,,900,SCRAPPING-ORAL,,Daily,MICROBIOLOGY,,,,
URINE For MALIGNANT CELL,,900,SWAB,,Daily,MICROBIOLOGY,,,,
Biopsy Kidney,,2350,BIOPSY,,Daily,HISTOPATHOLOGY,,,,
Bone Marrow Trephine Biopsy,,5000,ASPIRATE,,Daily,HISTOPATHOLOGY,,,,
Er / Pr,,1300,None,,Daily,HISTOPATHOLOGY,,,,
"Er, Pr,  AND Her-2- Immunohistochemistry",,3500,BIOPSY,,Daily,HISTOPATHOLOGY,,,,
Her-2/neu (cerb2)-Immunohistochemistry,,1500,BIOPSY,,Daily,HISTOPATHOLOGY,,,,
Histo (cer/endo Polyp),,350,BIOPSY,,Daily,HISTOPATHOLOGY,,,,
Histo (endometrium),,350,BIOPSY,,Daily,HISTOPATHOLOGY,,,,
Histo (fibroadenoma),,350,BIOPSY,,Daily,HISTOPATHOLOGY,,,,
Histo (gastric),,350,BIOPSY,,Daily,HISTOPATHOLOGY,,,,
Histo (granulation Tiss),,350,BIOPSY,,Daily,HISTOPATHOLOGY,,,,
Histo (hemangioma),,350,BIOPSY,,Daily,HISTOPATHOLOGY,,,,
Histo (hyperkeratoses),,350,BIOPSY,,Daily,HISTOPATHOLOGY,,,,
Histo (ovarian Cyst),,500,BIOPSY,,Daily,HISTOPATHOLOGY,,,,
Histo (pyogenic Granul),,350,BIOPSY,,Daily,HISTOPATHOLOGY,,,,
Histo (urine Tumour),,350,BIOPSY,,Daily,HISTOPATHOLOGY,,,,
Histo (uterine Tumour/t.o.mass),,500,BIOPSY,,Daily,HISTOPATHOLOGY,,,,
Histo Epidydmal Biopsy,,350,BIOPSY,,Daily,HISTOPATHOLOGY,,,,
Histo Spleen,,500,BIOPSY,,Daily,HISTOPATHOLOGY,,,,
Histo Sq Cell Ca(large Cell),,350,BIOPSY,,Daily,HISTOPATHOLOGY,,,,
Histo Stricture Intestine,,500,BIOPSY,,Daily,HISTOPATHOLOGY,,,,
Histo(nasal Polyp),,350,BIOPSY,,Daily,HISTOPATHOLOGY,,,,
Histo(sympathetectomy),,500,BIOPSY,,Daily,HISTOPATHOLOGY,,,,
Histopath  (appendix),,350,BIOPSY,,Daily,HISTOPATHOLOGY,,,,
Histopath  (bladder),,350,BIOPSY,,Daily,HISTOPATHOLOGY,,,,
Histopath  (cervix),,350,BIOPSY,,Daily,HISTOPATHOLOGY,,,,
Histopath  (gall Bladder),,500,BIOPSY,,Daily,HISTOPATHOLOGY,,,,
Histopath  (prostate),,500,BIOPSY,,Daily,HISTOPATHOLOGY,,,,
Histopath (bone),,500,BIOPSY,,Daily,HISTOPATHOLOGY,,,,
Histopath (bone),,950,BIOPSY,,Daily,HISTOPATHOLOGY,,,,
Histopath (brain),,900,BIOPSY,,Daily,HISTOPATHOLOGY,,,,
Histopath (breast Lump),,350,BIOPSY,,Daily,HISTOPATHOLOGY,,,,
Histopath (fistulectomy),,350,BIOPSY,,Daily,HISTOPATHOLOGY,,,,
Histopath (large),,2000,BIOPSY,,Daily,HISTOPATHOLOGY,,,,
Histopath (liver),,500,BIOPSY,,Daily,HISTOPATHOLOGY,,,,
Histopath (lymphnode),,350,BIOPSY,,Daily,HISTOPATHOLOGY,,,,
Histopath (nephrectomy),,500,BIOPSY,,Daily,HISTOPATHOLOGY,,,,
Histopath (omentum),,350,BIOPSY,,Daily,HISTOPATHOLOGY,,,,
Histopath (placenta),,500,BIOPSY,,Daily,HISTOPATHOLOGY,,,,
Histopath (skin),,350,BIOPSY,,Daily,HISTOPATHOLOGY,,,,
Histopath (thyroid),,350,BIOPSY,,Daily,HISTOPATHOLOGY,,,,
Histopath (uterus),,500,BIOPSY,,Daily,HISTOPATHOLOGY,,,,
Histopath Esophageas,,350,BIOPSY,,Daily,HISTOPATHOLOGY,,,,
Histopathology (cheek),,350,BIOPSY,,Daily,HISTOPATHOLOGY,,,,
Histopathology (cyst),,350,BIOPSY,,Daily,HISTOPATHOLOGY,,,,
Histopathology (Medium),,1500,BIOPSY,,Daily,HISTOPATHOLOGY,,,,
Histopathology (small),,1000,BIOPSY,,Daily,HISTOPATHOLOGY,,,,
Histopathology (stomach,,350,BIOPSY,,Daily,HISTOPATHOLOGY,,,,
Histopathology (synovial),,350,BIOPSY,,Daily,HISTOPATHOLOGY,,,,
Histopathology (testis),,500,BIOPSY,,Daily,HISTOPATHOLOGY,,,,
Histopathology (tubectomy),,350,BIOPSY,,Daily,HISTOPATHOLOGY,,,,
Histopathology (ulcer),,500,BIOPSY,,Daily,HISTOPATHOLOGY,,,,
Ihc Panel-Brain Tumour,,7300,BIOPSY,,Daily,IMMUNO-HISTOCHEMISTRY,,,,
Ihc Panel-Breast-I,,2000,BIOPSY,,Daily,IMMUNO-HISTOCHEMISTRY,,,,
Ihc Panel-Breast-Ii,,3000,BIOPSY,,Daily,IMMUNO-HISTOCHEMISTRY,,,,
Ihc Single Marker-Cd45 (lca),,1500,BIOPSY,,Daily,IMMUNO-HISTOCHEMISTRY,,,,
Ihc Single Marker-Pankeratin (ae1/ae3),,1500,BIOPSY,,Daily,IMMUNO-HISTOCHEMISTRY,,,,
Ihc Single Marker-Vimentin,,1500,BIOPSY,,Daily,IMMUNO-HISTOCHEMISTRY,,,,
Ihcpanel-Lymphnode(lymphomav/smetastasis,,6500,BIOPSY,,Daily,IMMUNO-HISTOCHEMISTRY,,,,
Ihcpanel-Lymphnode(reactivev/slymphoma),,8500,BIOPSY,,Daily,IMMUNO-HISTOCHEMISTRY,,,,
Ihcpanel-Metastatic Carcinoma(unknown),,6500,BIOPSY,,Daily,IMMUNO-HISTOCHEMISTRY,,,,
Ihcpanel-Metastatic Germ Cell Tumour,,6500,BIOPSY,,Daily,IMMUNO-HISTOCHEMISTRY,,,,
